Brand,Model,Year,Selling_Price,Driven_kms,Fuel_Type,Transmission,MPG,Engine_Size,Tax
Ford,Fiesta,2015,8186.76,102558,Petrol,Automatic,33.6,1.0,126.29
BMW,3 Series,2018,16022.26,93674,Diesel,Automatic,37.5,1.5,95.51
Skoda,Kodiaq,2015,8151.45,128035,Petrol,Manual,39.1,1.5,38.4
BMW,X3,2020,33347.47,69189,Diesel,Automatic,44.3,2.0,88.14
Hyundai,Verna,2020,11707.88,41832,Petrol,Manual,22.0,1.0,61.9
Toyota,Fortuner,2022,23950.5,27403,Petrol,Manual,43.4,2.0,136.65
Ford,Focus,2023,29232.76,13794,Electric,Automatic,127.8,0.0,0.0
Hyundai,i20,2018,10578.63,84069,Petrol,Semi-Automatic,34.2,1.2,149.22
Ford,EcoSport,2021,26239.92,34286,Petrol,Automatic,33.5,1.5,154.46
Skoda,Slavia,2020,12385.62,60381,Petrol,Manual,22.7,4.0,132.94
Ford,EcoSport,2024,16505.57,2692,Electric,Automatic,100.6,0.0,0.0
BMW,M4,2019,29392.18,64675,Petrol,Automatic,20.1,3.0,149.98
Hyundai,Verna,2017,5952.21,113771,Hybrid,Automatic,25.0,1.2,87.3
Skoda,Octavia,2024,22348.52,4405,Hybrid,Manual,21.4,1.0,178.04
BMW,X5,2016,21639.92,90060,Diesel,Automatic,43.7,2.0,49.72
Volkswagen,Taigun,2021,29293.39,52657,Diesel,Automatic,30.0,1.4,140.9
Toyota,Land Cruiser,2022,12719.14,26761,Diesel,Manual,25.5,3.0,32.78
BMW,5 Series,2016,21985.9,85668,Petrol,Automatic,36.7,1.2,58.56
Ford,Endeavour,2024,30841.18,1033,Petrol,Automatic,30.6,3.0,104.06
BMW,3 Series,2015,11238.03,167550,Petrol,Automatic,24.8,1.5,100.75
Audi,Q5,2022,33298.05,28862,Hybrid,Automatic,33.8,2.0,29.11
Volkswagen,Polo,2016,12473.31,93304,Petrol,Manual,30.0,1.5,30.55
BMW,X5,2019,35797.46,64262,Diesel,Automatic,38.3,3.0,161.01
Ford,EcoSport,2017,6260.35,74093,Diesel,Manual,27.8,1.5,29.03
Skoda,Superb,2015,9297.84,106724,Diesel,Automatic,25.9,2.0,41.58
Audi,R8,2024,29312.86,2869,Petrol,Automatic,26.5,1.4,140.55
Audi,Q5,2021,23095.61,43716,Hybrid,Automatic,43.4,2.0,21.68
Skoda,Octavia,2016,8492.35,90596,Petrol,Manual,26.1,1.5,71.3
Volkswagen,Taigun,2019,16239.71,82698,Petrol,Automatic,27.5,1.2,139.41
Hyundai,i20,2016,6304.35,102540,Petrol,Manual,37.2,2.0,173.52
Toyota,Fortuner,2015,4052.68,114901,Petrol,Automatic,35.9,3.0,67.15
Toyota,Land Cruiser,2021,18028.63,58351,Diesel,Manual,20.9,2.0,86.46
Audi,Q7,2017,10009.29,135316,Electric,Automatic,102.0,0.0,0.0
Audi,A4,2016,13149.04,149977,Electric,Automatic,137.5,0.0,0.0
Volkswagen,Golf,2017,12022.82,121559,Petrol,Semi-Automatic,40.1,4.0,175.53
Audi,Q5,2017,20494.99,131051,Hybrid,Automatic,25.6,1.5,166.99
Hyundai,Tucson,2018,5627.54,83907,Petrol,Manual,39.3,2.0,83.21
Toyota,Land Cruiser,2020,20804.78,78816,Petrol,Semi-Automatic,26.6,1.5,39.51
Hyundai,Tucson,2021,13618.05,41555,Diesel,Manual,37.7,4.0,20.3
Skoda,Superb,2020,15893.6,76830,Diesel,Automatic,23.1,2.0,182.01
Hyundai,Elantra,2020,9036.14,45091,Petrol,Semi-Automatic,36.9,2.0,182.5
Skoda,Kodiaq,2021,17377.81,38607,Petrol,Automatic,36.4,1.5,103.7
Ford,Focus,2023,26807.41,17960,Petrol,Manual,32.9,1.4,133.93
BMW,5 Series,2019,17194.0,51221,Petrol,Automatic,31.9,1.0,172.95
Toyota,Innova,2024,21651.19,1295,Diesel,Manual,38.8,1.0,158.61
Volkswagen,Passat,2018,8347.75,91077,Petrol,Manual,41.2,4.0,102.16
Toyota,Land Cruiser,2023,30448.32,18914,Diesel,Automatic,32.6,2.0,169.5
Toyota,Camry,2022,21629.72,36797,Petrol,Automatic,32.1,1.5,63.06
BMW,X3,2018,15845.61,92409,Petrol,Automatic,25.8,3.0,144.91
Audi,A3,2021,31203.27,42473,Petrol,Automatic,30.5,2.0,182.87
Ford,Fiesta,2024,23801.43,3792,Hybrid,Semi-Automatic,30.5,2.0,154.55
Volkswagen,Taigun,2018,10673.53,89138,Petrol,Automatic,40.0,4.0,150.35
Toyota,Camry,2024,33548.6,3348,Petrol,Automatic,41.7,1.4,52.71
Toyota,Fortuner,2018,10450.87,112778,Petrol,Semi-Automatic,30.5,1.5,170.28
BMW,M4,2015,17972.29,148512,Diesel,Automatic,36.3,1.2,155.76
Audi,A3,2024,34806.87,2863,Petrol,Automatic,37.5,1.2,158.04
Skoda,Octavia,2017,12982.56,71797,Petrol,Automatic,44.0,3.0,91.4
Audi,A3,2024,66172.93,3885,Hybrid,Automatic,35.0,2.0,41.79
Volkswagen,Polo,2020,16695.44,42758,Diesel,Manual,30.5,1.5,108.24
Hyundai,Elantra,2017,6278.37,137583,Petrol,Automatic,33.5,1.5,107.03
Volkswagen,Taigun,2019,10388.67,96731,Petrol,Automatic,38.8,3.0,122.57
Toyota,Fortuner,2015,6667.15,133879,Petrol,Manual,27.0,1.4,127.31
Skoda,Octavia,2023,33865.3,17200,Petrol,Automatic,37.3,1.5,136.26
Toyota,Corolla,2016,6368.51,99464,Diesel,Manual,33.8,3.0,81.88
Skoda,Kodiaq,2020,17973.89,50056,Petrol,Manual,23.0,4.0,116.46
Ford,Focus,2018,8079.91,103475,Electric,Automatic,114.1,0.0,0.0
Volkswagen,Golf,2019,9062.81,50707,Diesel,Manual,44.4,3.0,119.6
Audi,Q7,2016,20362.33,117551,Petrol,Automatic,24.6,4.0,29.25
Toyota,Corolla,2016,6735.82,130355,Petrol,Manual,34.1,1.2,74.69
BMW,M4,2021,39195.39,36770,Diesel,Automatic,31.3,4.0,99.69
Skoda,Slavia,2019,12973.58,98005,Petrol,Automatic,35.6,1.0,67.64
Audi,A4,2017,17196.68,98596,Diesel,Automatic,31.7,1.4,25.88
Ford,Mustang,2022,11720.26,25291,Diesel,Automatic,40.1,1.0,55.61
Skoda,Superb,2017,14429.99,74998,Petrol,Manual,38.7,1.4,122.46
Toyota,Corolla,2022,26793.81,38853,Diesel,Automatic,22.0,1.5,27.17
Ford,Mustang,2024,20671.11,4196,Diesel,Semi-Automatic,45.0,1.4,141.01
Skoda,Octavia,2017,9616.44,134125,Petrol,Automatic,35.9,1.0,108.51
Toyota,Fortuner,2021,15875.07,55731,Petrol,Automatic,27.2,4.0,190.13
Volkswagen,Taigun,2015,6388.49,119094,Electric,Automatic,125.7,0.0,0.0
Ford,Endeavour,2022,18557.8,27235,Diesel,Automatic,39.0,2.0,56.64
Audi,Q5,2022,53332.01,20577,Diesel,Automatic,40.0,1.4,147.76
Skoda,Octavia,2023,21878.92,18414,Petrol,Semi-Automatic,36.2,3.0,47.71
Hyundai,Verna,2019,8095.72,73610,Petrol,Manual,24.8,3.0,127.89
Audi,A3,2019,32611.76,66993,Diesel,Automatic,26.7,3.0,20.46
Hyundai,Verna,2024,29915.93,2739,Petrol,Automatic,33.6,1.4,101.96
Volkswagen,Golf,2018,11480.63,106532,Petrol,Automatic,37.6,1.5,166.05
Ford,Focus,2022,29376.73,39307,Petrol,Manual,41.1,1.5,37.95
BMW,5 Series,2021,49412.13,32244,Diesel,Automatic,26.6,1.5,132.19
Ford,Fiesta,2020,22699.94,55200,Petrol,Automatic,39.0,1.0,177.03
Skoda,Octavia,2018,13875.96,119845,Diesel,Automatic,22.5,4.0,134.07
BMW,X5,2017,22414.87,73219,Diesel,Automatic,27.3,1.2,87.47
Audi,R8,2021,37895.79,35099,Petrol,Automatic,41.8,1.2,131.55
Toyota,Land Cruiser,2017,7235.9,102169,Diesel,Automatic,31.6,2.0,71.77
Audi,A3,2022,61265.94,25983,Electric,Automatic,134.5,0.0,0.0
Volkswagen,Tiguan,2018,18163.48,66399,Petrol,Manual,27.4,1.0,145.87
Volkswagen,Passat,2019,7257.19,88915,Electric,Automatic,137.3,0.0,0.0
Hyundai,Creta,2024,24575.29,1328,Diesel,Automatic,37.0,1.0,44.62
Ford,Fiesta,2019,15552.07,68243,Petrol,Semi-Automatic,28.2,1.2,94.79
Audi,R8,2020,31956.46,73218,Petrol,Automatic,40.6,4.0,106.73
Hyundai,Tucson,2016,4828.97,140332,Petrol,Automatic,36.9,4.0,91.53
Volkswagen,Taigun,2020,9049.34,50578,Petrol,Manual,38.7,1.5,67.19
Volkswagen,Tiguan,2016,9549.17,129563,Hybrid,Manual,35.3,3.0,136.58
Volkswagen,Passat,2019,14124.91,52267,Petrol,Semi-Automatic,22.9,2.0,62.26
Audi,Q7,2022,38230.45,33929,Diesel,Automatic,34.7,1.5,150.79
Ford,Fiesta,2022,26305.18,25594,Diesel,Manual,31.1,1.4,62.5
BMW,X3,2023,65670.72,10605,Petrol,Automatic,44.2,4.0,190.82
Toyota,Corolla,2018,13168.78,61281,Diesel,Manual,23.1,1.0,121.62
Volkswagen,Taigun,2018,13061.47,73979,Diesel,Automatic,34.9,1.2,69.91
Audi,R8,2019,28605.88,93322,Petrol,Automatic,29.0,2.0,161.92
Hyundai,i20,2017,4540.87,99467,Petrol,Manual,31.2,2.0,85.17
BMW,X5,2023,35719.68,17272,Hybrid,Automatic,36.5,3.0,74.29
BMW,3 Series,2022,51512.72,22159,Diesel,Automatic,31.1,1.4,181.87
Skoda,Superb,2016,5246.21,126829,Diesel,Manual,34.9,2.0,73.08
Skoda,Slavia,2016,9755.51,132377,Hybrid,Automatic,41.6,1.2,97.41
Toyota,Fortuner,2022,20374.55,26250,Petrol,Manual,43.8,1.5,143.63
BMW,3 Series,2016,8682.85,139103,Hybrid,Automatic,33.9,2.0,125.56
Skoda,Kodiaq,2016,8001.95,155290,Petrol,Semi-Automatic,21.3,1.4,71.77
Hyundai,i20,2024,18756.93,4251,Petrol,Automatic,22.9,1.2,70.14
Volkswagen,Passat,2023,39995.57,16135,Diesel,Manual,43.2,1.4,169.3
BMW,5 Series,2019,27796.62,66991,Petrol,Automatic,41.7,1.5,121.94
BMW,5 Series,2015,8059.98,123857,Petrol,Automatic,23.9,1.4,76.09
Volkswagen,Taigun,2024,15978.48,3127,Diesel,Manual,36.5,1.5,107.42
Toyota,Fortuner,2018,13102.35,85794,Petrol,Automatic,32.2,1.0,140.08
Audi,Q7,2024,30803.71,3860,Diesel,Automatic,27.2,1.5,41.6
Ford,EcoSport,2017,6090.51,86107,Diesel,Automatic,28.9,3.0,91.47
BMW,X5,2015,11236.69,118175,Petrol,Automatic,30.1,1.4,135.23
BMW,X5,2015,16947.61,175285,Petrol,Automatic,37.2,1.5,85.13
Volkswagen,Polo,2018,10375.92,64718,Hybrid,Automatic,25.5,1.0,160.24
Skoda,Octavia,2023,27844.59,13493,Diesel,Automatic,40.4,1.2,62.53
Hyundai,Creta,2017,7435.92,115885,Petrol,Automatic,32.4,4.0,155.8
Skoda,Slavia,2024,37626.37,4857,Petrol,Automatic,31.7,4.0,133.65
Hyundai,Verna,2015,3610.4,131556,Petrol,Manual,27.2,4.0,136.04
BMW,M4,2024,54940.58,3979,Hybrid,Automatic,31.2,3.0,165.77
Audi,Q5,2024,50026.01,607,Hybrid,Automatic,28.6,2.0,148.58
Ford,Focus,2015,5131.03,129547,Diesel,Manual,29.3,1.5,70.92
Volkswagen,Tiguan,2024,17004.75,1715,Diesel,Manual,26.3,2.0,173.28
Volkswagen,Golf,2020,9404.41,76669,Petrol,Automatic,36.6,3.0,43.21
BMW,X3,2023,43930.18,18131,Diesel,Automatic,40.7,3.0,152.98
Skoda,Octavia,2021,16789.87,39265,Electric,Automatic,138.3,0.0,0.0
Audi,A4,2017,11601.88,77079,Diesel,Automatic,40.9,1.0,179.06
Ford,Mustang,2024,18464.7,4173,Diesel,Automatic,24.1,1.5,98.78
Hyundai,Creta,2022,16858.18,35676,Petrol,Manual,44.1,4.0,161.19
Audi,Q5,2024,78614.83,1971,Diesel,Automatic,44.2,4.0,167.04
Skoda,Superb,2019,7321.62,68560,Hybrid,Automatic,32.9,1.0,42.44
Volkswagen,Golf,2019,12670.29,91552,Petrol,Semi-Automatic,40.4,1.0,179.23
Toyota,Corolla,2021,17485.18,59835,Petrol,Manual,43.3,3.0,171.05
Hyundai,Creta,2017,3739.47,103071,Hybrid,Automatic,31.7,1.0,130.76
BMW,X3,2018,27323.91,103634,Diesel,Automatic,22.8,1.4,71.86
BMW,3 Series,2018,20361.75,87426,Petrol,Automatic,42.6,1.0,127.41
Ford,Endeavour,2024,20671.48,3112,Petrol,Automatic,36.6,1.4,35.41
BMW,M4,2023,51657.74,15541,Petrol,Automatic,31.8,1.4,134.42
Hyundai,i20,2020,13034.76,69317,Diesel,Automatic,38.4,1.0,79.85
Hyundai,Verna,2020,12822.08,71165,Petrol,Automatic,35.8,1.0,166.07
Ford,EcoSport,2015,5010.22,107952,Petrol,Semi-Automatic,32.9,2.0,198.04
Toyota,Fortuner,2015,8170.5,122127,Diesel,Automatic,28.3,1.4,42.41
Toyota,Innova,2022,29543.45,39474,Petrol,Automatic,43.1,4.0,113.47
BMW,X5,2016,15431.92,94436,Petrol,Automatic,22.6,1.4,79.03
Hyundai,Elantra,2024,22729.6,2290,Diesel,Semi-Automatic,35.4,3.0,98.29
Volkswagen,Polo,2016,9394.5,121046,Diesel,Manual,20.8,3.0,172.76
Volkswagen,Passat,2015,4121.61,148064,Petrol,Semi-Automatic,20.8,1.5,47.62
Hyundai,Tucson,2022,18521.41,30589,Petrol,Automatic,26.2,3.0,40.42
Audi,Q7,2023,42464.36,12617,Petrol,Automatic,31.2,1.4,199.35
Ford,EcoSport,2018,7541.94,87122,Hybrid,Automatic,22.2,4.0,142.75
Hyundai,Tucson,2016,5482.36,103996,Petrol,Automatic,37.5,1.4,51.34
Skoda,Superb,2016,12849.7,98938,Petrol,Manual,34.3,2.0,104.13
Audi,R8,2016,8885.75,137354,Petrol,Automatic,30.3,2.0,93.7
BMW,5 Series,2020,32101.01,67204,Petrol,Automatic,41.9,3.0,160.45
Skoda,Superb,2017,9706.04,73878,Petrol,Manual,24.1,3.0,78.08
Audi,Q5,2023,67930.09,12506,Diesel,Automatic,33.8,1.4,42.53
Skoda,Octavia,2023,29629.42,15806,Petrol,Automatic,42.6,2.0,80.77
BMW,3 Series,2016,9042.9,126141,Diesel,Automatic,39.2,3.0,94.99
BMW,X5,2023,41264.33,14829,Hybrid,Automatic,37.1,1.0,73.54
Ford,Fiesta,2017,9008.02,84281,Diesel,Manual,38.0,4.0,152.16
Hyundai,Elantra,2017,8107.02,77432,Petrol,Manual,31.2,1.0,45.36
Hyundai,Elantra,2024,20061.93,4086,Hybrid,Automatic,24.7,2.0,48.68
Toyota,Innova,2019,12187.64,69662,Petrol,Manual,34.6,1.4,28.76
Toyota,Land Cruiser,2022,15355.84,22149,Petrol,Manual,29.1,1.0,92.59
Toyota,Corolla,2024,30978.66,1993,Petrol,Automatic,40.6,2.0,132.18
BMW,5 Series,2016,14340.14,107126,Hybrid,Automatic,38.9,2.0,55.83
Toyota,Land Cruiser,2015,3513.99,119973,Petrol,Automatic,35.2,1.4,112.79
Skoda,Kodiaq,2017,8787.92,128982,Diesel,Automatic,32.7,2.0,108.17
Hyundai,Elantra,2015,4162.36,178190,Diesel,Automatic,38.1,1.0,143.85
Skoda,Slavia,2019,20633.34,88808,Diesel,Automatic,34.6,3.0,50.69
Ford,Endeavour,2021,12365.83,30947,Hybrid,Manual,20.5,1.2,76.46
Toyota,Camry,2021,18868.79,44148,Hybrid,Automatic,37.6,2.0,113.36
Hyundai,Elantra,2023,16267.49,14596,Diesel,Automatic,36.9,3.0,176.18
Ford,Mustang,2024,32226.02,1562,Hybrid,Semi-Automatic,39.3,3.0,146.88
Ford,EcoSport,2020,15529.53,77379,Diesel,Manual,34.3,1.5,117.77
Volkswagen,Tiguan,2017,7279.14,119989,Petrol,Automatic,26.4,1.2,106.23
Volkswagen,Taigun,2019,19823.61,56863,Diesel,Automatic,26.1,2.0,140.57
Audi,A4,2015,7833.66,132516,Diesel,Automatic,23.4,1.2,193.61
Toyota,Innova,2022,26214.3,25744,Petrol,Manual,39.2,1.2,137.41
Skoda,Octavia,2017,9423.63,135374,Petrol,Automatic,39.7,3.0,53.54
Volkswagen,Tiguan,2015,3586.75,99657,Electric,Automatic,149.5,0.0,0.0
Skoda,Slavia,2017,12910.46,83496,Petrol,Manual,31.5,1.2,66.31
BMW,X3,2019,27240.65,58774,Hybrid,Automatic,42.4,2.0,168.86
Hyundai,i20,2021,13455.99,34218,Petrol,Manual,26.5,4.0,62.39
Hyundai,Tucson,2019,9745.88,63077,Petrol,Manual,36.7,1.2,103.77
Toyota,Land Cruiser,2019,16283.7,97031,Petrol,Manual,43.9,1.5,106.07
Ford,Endeavour,2020,14483.54,58833,Diesel,Automatic,25.5,4.0,64.54
Skoda,Octavia,2023,25125.94,10781,Diesel,Manual,33.7,2.0,110.99
Skoda,Superb,2017,7996.67,78136,Petrol,Automatic,22.3,4.0,111.87
BMW,X5,2017,17689.91,74041,Petrol,Automatic,40.2,1.5,150.19
Hyundai,i20,2018,7394.0,80671,Petrol,Semi-Automatic,43.4,1.5,32.42
BMW,X3,2021,22203.98,49245,Diesel,Automatic,44.1,1.5,87.4
Toyota,Innova,2021,11682.76,56236,Petrol,Automatic,23.0,1.5,198.71
Skoda,Superb,2018,15876.63,118709,Petrol,Automatic,30.6,1.2,88.27
Audi,Q7,2020,18480.96,75008,Diesel,Automatic,20.8,2.0,138.84
Volkswagen,Polo,2018,7351.27,62014,Diesel,Automatic,21.2,1.5,153.3
Toyota,Camry,2023,19620.92,10564,Diesel,Manual,40.4,1.4,151.67
Skoda,Kodiaq,2018,8424.32,99612,Petrol,Manual,21.5,3.0,190.73
Audi,Q7,2023,50962.22,19415,Diesel,Automatic,39.6,1.5,77.37
Toyota,Camry,2019,12260.34,73675,Hybrid,Manual,37.7,1.0,165.04
Skoda,Slavia,2021,18053.67,37285,Petrol,Automatic,43.1,1.0,172.48
Skoda,Superb,2015,5525.13,144262,Hybrid,Manual,39.0,2.0,150.37
Audi,Q7,2018,26784.84,117421,Petrol,Automatic,43.4,1.0,193.17
Ford,EcoSport,2018,14079.21,83797,Petrol,Manual,27.1,3.0,103.93
Hyundai,Tucson,2019,8212.64,73300,Hybrid,Automatic,39.0,1.2,77.64
Hyundai,Tucson,2021,7190.82,52237,Petrol,Automatic,34.6,1.4,149.6
Audi,A4,2020,21966.13,49829,Diesel,Automatic,43.6,4.0,80.76
Volkswagen,Passat,2022,21795.51,27043,Petrol,Automatic,24.6,3.0,180.09
BMW,M4,2015,15246.82,163619,Petrol,Automatic,20.2,3.0,44.75
Audi,A3,2017,9775.03,96124,Diesel,Automatic,36.7,1.5,130.97
Ford,EcoSport,2015,3556.56,91066,Diesel,Manual,44.4,4.0,23.09
Ford,EcoSport,2017,5366.53,80422,Petrol,Automatic,40.4,1.5,68.12
BMW,X3,2021,30847.78,50917,Petrol,Automatic,40.7,4.0,34.51
Ford,Fiesta,2016,7218.59,118080,Diesel,Automatic,22.1,3.0,172.16
Volkswagen,Tiguan,2024,48519.98,4603,Petrol,Semi-Automatic,37.3,1.4,122.02
BMW,3 Series,2019,33685.13,51645,Hybrid,Automatic,27.9,2.0,193.06
Audi,Q7,2016,12408.95,125335,Hybrid,Automatic,36.9,1.5,117.3
Volkswagen,Golf,2016,8957.3,84295,Petrol,Automatic,28.5,2.0,158.42
Toyota,Fortuner,2015,8327.36,130549,Petrol,Automatic,29.4,2.0,53.43
Ford,EcoSport,2016,9974.01,99715,Petrol,Manual,29.5,1.2,161.1
Ford,EcoSport,2020,12377.57,77718,Petrol,Automatic,22.6,1.5,35.71
Toyota,Land Cruiser,2023,23768.87,10896,Diesel,Automatic,39.6,1.0,175.47
Hyundai,Elantra,2021,16417.92,46786,Electric,Automatic,126.1,0.0,0.0
Toyota,Camry,2017,7052.41,80215,Petrol,Manual,27.5,1.4,160.88
Hyundai,Creta,2022,14843.1,22139,Petrol,Semi-Automatic,28.3,4.0,131.63
Volkswagen,Tiguan,2022,19234.48,37190,Electric,Automatic,116.0,0.0,0.0
Audi,Q7,2020,19883.5,52765,Diesel,Automatic,35.8,4.0,194.2
Audi,Q5,2021,28576.15,40950,Hybrid,Automatic,25.0,1.2,199.51
Ford,Endeavour,2015,10018.72,153753,Petrol,Manual,37.3,4.0,167.41
Volkswagen,Passat,2022,13307.89,25053,Petrol,Automatic,29.4,2.0,100.83
Toyota,Land Cruiser,2021,20671.03,56089,Petrol,Manual,44.2,4.0,146.29
Skoda,Octavia,2016,10700.31,108400,Diesel,Manual,44.6,1.5,141.94
Volkswagen,Tiguan,2021,10267.56,36660,Diesel,Automatic,37.2,1.4,59.79
Toyota,Innova,2024,33218.52,2465,Petrol,Semi-Automatic,22.1,3.0,169.64
Audi,Q5,2019,22111.69,76055,Petrol,Automatic,22.4,1.5,149.96
Hyundai,i20,2019,5037.34,51129,Petrol,Manual,40.0,3.0,187.39
Audi,R8,2017,17839.69,99845,Petrol,Automatic,39.9,1.2,133.36
Ford,EcoSport,2021,9972.21,35919,Diesel,Manual,37.6,4.0,57.04
Ford,Fiesta,2024,19395.6,1697,Petrol,Manual,41.6,3.0,114.99
Hyundai,Verna,2021,13887.16,40437,Hybrid,Automatic,40.3,1.4,147.08
Skoda,Octavia,2017,7411.75,78186,Petrol,Manual,29.7,2.0,127.36
Toyota,Innova,2017,9560.06,134341,Hybrid,Manual,24.2,1.2,71.99
Hyundai,Elantra,2024,10760.08,769,Hybrid,Semi-Automatic,32.6,3.0,109.09
Toyota,Innova,2022,19641.38,20617,Diesel,Manual,26.9,1.2,116.77
Volkswagen,Passat,2024,39258.01,654,Petrol,Automatic,40.6,4.0,86.04
Volkswagen,Polo,2022,24901.3,22048,Hybrid,Automatic,27.4,1.5,199.88
Hyundai,Tucson,2016,5623.34,142050,Petrol,Automatic,34.7,3.0,83.11
Skoda,Slavia,2017,11345.91,126947,Hybrid,Automatic,33.3,1.2,127.43
Hyundai,Tucson,2019,10380.9,75720,Hybrid,Automatic,23.4,1.5,155.02
BMW,X3,2017,19327.93,80237,Petrol,Automatic,26.2,1.5,171.84
Toyota,Camry,2024,34840.47,470,Diesel,Automatic,30.1,3.0,154.96
Hyundai,Elantra,2022,10764.81,35482,Diesel,Automatic,31.5,1.4,139.55
Volkswagen,Polo,2023,25035.01,18248,Petrol,Manual,27.1,1.2,118.52
Skoda,Slavia,2020,22977.87,41837,Diesel,Automatic,20.4,1.2,187.3
Toyota,Innova,2015,10216.36,179612,Hybrid,Automatic,27.5,1.4,177.4
BMW,X3,2019,15637.8,82445,Petrol,Automatic,35.6,4.0,150.68
Audi,Q7,2016,15989.9,118144,Petrol,Automatic,25.7,1.0,142.4
BMW,X3,2016,21301.67,90574,Petrol,Automatic,29.6,1.0,151.54
BMW,X3,2020,35848.97,70938,Diesel,Automatic,23.3,1.2,198.73
BMW,M4,2024,31336.57,3639,Diesel,Automatic,23.8,3.0,94.11
Toyota,Camry,2016,10594.77,89852,Diesel,Manual,30.7,1.2,162.39
Hyundai,i20,2018,8104.69,96455,Diesel,Automatic,41.2,1.4,138.51
Audi,R8,2024,58226.01,367,Hybrid,Automatic,43.9,1.0,109.08
Audi,Q7,2024,36158.99,1869,Petrol,Automatic,29.7,1.5,171.02
Hyundai,Verna,2017,8831.87,123925,Petrol,Manual,26.6,1.0,27.17
Volkswagen,Passat,2023,20908.31,17671,Petrol,Automatic,36.0,1.2,116.78
Hyundai,i20,2019,5570.87,98715,Petrol,Manual,34.7,3.0,157.38
Ford,Fiesta,2019,16689.6,92323,Petrol,Manual,30.9,2.0,101.61
BMW,X3,2017,12011.34,119104,Petrol,Automatic,43.8,4.0,114.14
Volkswagen,Tiguan,2017,8803.92,131142,Diesel,Manual,42.5,1.5,80.3
Hyundai,Verna,2016,4552.98,130202,Petrol,Automatic,21.4,1.2,174.68
Hyundai,Creta,2019,12190.68,83706,Petrol,Automatic,20.1,1.0,174.56
Audi,A3,2022,37750.42,23579,Electric,Automatic,101.8,0.0,0.0
Ford,EcoSport,2018,9142.53,103217,Petrol,Manual,29.3,1.0,110.37
Audi,A4,2023,73313.83,10689,Petrol,Automatic,27.1,1.4,172.07
BMW,M4,2022,20648.06,31276,Petrol,Automatic,35.6,2.0,103.51
Toyota,Camry,2023,30503.86,10063,Petrol,Manual,28.7,1.0,171.12
Hyundai,i20,2021,17322.12,33118,Diesel,Manual,32.3,1.2,30.78
Ford,Mustang,2016,4207.44,147640,Petrol,Automatic,31.5,2.0,154.62
BMW,M4,2017,19412.12,111432,Petrol,Automatic,36.6,1.4,43.53
Hyundai,Tucson,2021,15442.1,39541,Petrol,Manual,25.1,2.0,160.39
BMW,5 Series,2016,10343.54,112521,Diesel,Automatic,44.1,1.4,57.37
Toyota,Fortuner,2016,5123.45,104337,Diesel,Automatic,25.4,1.2,174.18
BMW,5 Series,2020,23656.63,51953,Hybrid,Automatic,24.3,4.0,191.38
Toyota,Land Cruiser,2023,18976.09,18038,Petrol,Manual,40.8,1.2,196.86
Audi,Q7,2020,36510.54,43361,Diesel,Automatic,42.9,1.0,33.5
Audi,Q7,2017,11861.99,126622,Petrol,Automatic,43.6,2.0,29.11
Toyota,Innova,2022,11897.06,23456,Petrol,Manual,27.0,1.0,179.02
Skoda,Superb,2019,14314.32,73951,Petrol,Manual,30.5,4.0,135.68
Skoda,Superb,2023,36250.46,17819,Petrol,Automatic,32.1,2.0,184.28
Hyundai,Elantra,2019,5814.22,60951,Hybrid,Automatic,21.5,2.0,198.48
Hyundai,Verna,2018,10229.06,99411,Petrol,Automatic,42.9,1.2,30.06
Skoda,Slavia,2020,24685.14,46948,Petrol,Manual,38.5,2.0,84.58
BMW,X3,2024,58914.66,4941,Hybrid,Automatic,32.3,1.5,75.63
BMW,3 Series,2015,9100.21,137380,Petrol,Automatic,42.9,1.2,56.26
Hyundai,Creta,2020,5430.23,68187,Petrol,Manual,33.2,1.0,85.68
Hyundai,Elantra,2024,11544.06,871,Hybrid,Automatic,44.0,1.2,136.85
Ford,Endeavour,2024,36472.61,959,Petrol,Automatic,23.2,3.0,151.19
Skoda,Slavia,2024,16298.54,4840,Petrol,Automatic,43.4,3.0,45.32
BMW,5 Series,2020,38557.31,75412,Petrol,Automatic,37.7,1.4,135.04
Toyota,Corolla,2019,9811.7,67524,Diesel,Automatic,21.2,1.5,98.88
Audi,Q7,2022,51936.28,27506,Hybrid,Automatic,39.7,4.0,124.05
Ford,Focus,2017,9696.28,72338,Petrol,Manual,22.6,1.5,81.53
Audi,A3,2023,71792.97,13379,Electric,Automatic,144.7,0.0,0.0
BMW,X5,2017,19097.25,73748,Petrol,Automatic,44.4,2.0,93.67
Ford,Endeavour,2019,14822.92,54795,Petrol,Automatic,32.3,1.0,29.81
Toyota,Corolla,2019,18063.49,74016,Petrol,Manual,36.0,1.5,195.87
Volkswagen,Polo,2019,17003.81,94743,Petrol,Automatic,29.7,1.5,86.78
Hyundai,Creta,2022,7774.87,25268,Hybrid,Automatic,23.8,1.0,145.36
BMW,X3,2023,45304.81,12275,Petrol,Automatic,29.7,2.0,114.06
Ford,EcoSport,2024,41252.83,4523,Diesel,Automatic,42.5,3.0,164.08
Skoda,Superb,2016,11726.5,155924,Petrol,Manual,24.8,1.0,27.68
Ford,EcoSport,2018,17371.89,110046,Petrol,Semi-Automatic,42.9,1.5,32.06
Skoda,Slavia,2023,20123.31,14581,Hybrid,Automatic,35.6,1.5,114.06
BMW,X5,2017,12203.7,123086,Hybrid,Automatic,43.1,1.0,121.28
Volkswagen,Tiguan,2023,37853.34,12641,Diesel,Automatic,31.8,1.5,51.0
Audi,R8,2024,62781.86,4406,Diesel,Automatic,21.2,1.4,105.54
Hyundai,i20,2020,13211.93,51213,Petrol,Automatic,22.5,1.2,176.4
Hyundai,Elantra,2020,7899.13,65822,Petrol,Manual,40.6,4.0,153.37
Skoda,Kodiaq,2015,6573.45,118001,Diesel,Manual,41.3,1.0,178.28
Audi,A4,2018,25740.1,87386,Hybrid,Automatic,37.6,4.0,69.32
Toyota,Land Cruiser,2021,19344.9,30916,Petrol,Automatic,24.4,2.0,176.69
Skoda,Kodiaq,2020,11210.56,69958,Diesel,Manual,29.7,2.0,49.32
Volkswagen,Golf,2018,13443.38,76145,Petrol,Manual,39.5,1.0,158.16
Toyota,Camry,2017,9548.95,87667,Hybrid,Manual,44.2,1.5,135.69
Toyota,Fortuner,2022,16191.01,33543,Hybrid,Manual,22.6,3.0,112.07
Volkswagen,Tiguan,2023,29895.32,12984,Petrol,Manual,44.7,4.0,135.31
Hyundai,Tucson,2019,6129.71,62015,Petrol,Automatic,40.3,1.4,92.74
Ford,Focus,2015,8827.08,113348,Petrol,Manual,20.9,2.0,147.45
Volkswagen,Golf,2020,18141.43,61385,Diesel,Semi-Automatic,36.8,4.0,111.32
Audi,R8,2017,14242.61,121864,Diesel,Automatic,34.0,3.0,184.27
Hyundai,i20,2018,6766.49,78425,Diesel,Manual,26.5,4.0,72.93
BMW,X5,2015,17265.93,174987,Petrol,Automatic,42.2,4.0,110.09
Ford,EcoSport,2023,18542.38,18542,Petrol,Manual,30.2,1.5,122.49
Audi,Q5,2017,22047.95,114172,Petrol,Automatic,35.9,1.4,20.85
Audi,A4,2024,68081.97,531,Diesel,Automatic,35.8,1.5,92.61
Toyota,Corolla,2015,7514.62,175506,Hybrid,Automatic,33.3,1.0,23.22
Ford,Focus,2018,13083.73,67735,Petrol,Automatic,24.2,1.4,168.29
Hyundai,Elantra,2023,18033.79,18879,Electric,Automatic,145.1,0.0,0.0
Volkswagen,Golf,2017,15091.52,98237,Petrol,Automatic,23.3,2.0,152.13
Skoda,Superb,2016,7297.43,82989,Hybrid,Manual,33.4,1.0,28.75
Ford,Fiesta,2015,3516.69,129988,Petrol,Manual,37.5,3.0,56.99
Ford,Fiesta,2019,11279.64,76015,Diesel,Automatic,30.5,2.0,181.75
Ford,Endeavour,2016,6762.81,119819,Diesel,Automatic,40.8,1.4,195.16
Ford,EcoSport,2019,8874.97,95517,Diesel,Automatic,25.9,1.0,22.29
BMW,M4,2022,24844.14,30234,Diesel,Automatic,22.5,1.2,66.06
Toyota,Fortuner,2019,11808.31,58735,Petrol,Manual,40.0,3.0,76.29
BMW,3 Series,2015,6549.9,148247,Petrol,Automatic,42.4,1.4,191.92
Ford,Fiesta,2020,19286.48,56031,Electric,Automatic,119.3,0.0,0.0
Toyota,Innova,2017,6127.28,74105,Hybrid,Manual,30.4,4.0,126.34
Skoda,Slavia,2017,11284.68,112795,Hybrid,Automatic,38.2,1.5,180.52
Toyota,Corolla,2021,15817.43,49649,Petrol,Automatic,33.1,3.0,153.85
Skoda,Superb,2020,16560.13,64729,Petrol,Automatic,32.0,3.0,139.47
Toyota,Camry,2023,36299.21,10116,Hybrid,Automatic,31.7,1.2,109.25
BMW,X5,2020,24011.24,42014,Petrol,Automatic,36.1,1.2,92.59
BMW,X5,2022,50095.11,37131,Petrol,Automatic,23.0,3.0,109.53
BMW,3 Series,2021,31440.31,30005,Petrol,Automatic,35.1,1.4,131.43
Skoda,Superb,2022,30577.24,21085,Petrol,Automatic,34.0,1.5,131.56
Ford,Mustang,2022,13999.21,24434,Petrol,Automatic,44.1,2.0,72.56
Hyundai,i20,2015,6461.0,163965,Diesel,Automatic,26.4,1.0,55.27
Volkswagen,Passat,2018,11437.95,103007,Petrol,Automatic,43.2,2.0,170.74
BMW,X5,2022,49609.59,22692,Petrol,Automatic,33.3,1.5,28.74
Volkswagen,Taigun,2022,32608.82,38203,Diesel,Manual,40.4,3.0,38.64
Skoda,Kodiaq,2023,34652.45,16089,Diesel,Manual,29.9,1.4,81.71
Toyota,Camry,2017,9129.31,122389,Petrol,Automatic,41.5,2.0,148.14
Ford,Focus,2018,8374.34,101196,Hybrid,Manual,37.8,1.2,195.53
Skoda,Kodiaq,2016,10434.86,126624,Hybrid,Automatic,36.9,2.0,180.9
Hyundai,Elantra,2015,4287.81,103079,Diesel,Manual,38.8,1.4,48.97
Ford,Mustang,2017,13372.27,90659,Diesel,Manual,40.4,4.0,38.45
Ford,Endeavour,2018,14229.52,74255,Diesel,Automatic,27.2,1.5,139.61
Toyota,Innova,2020,20906.71,69746,Petrol,Automatic,41.5,1.2,99.75
Ford,Mustang,2024,32047.69,4825,Petrol,Manual,37.1,1.2,53.66
Ford,Endeavour,2016,7068.31,124527,Petrol,Automatic,26.4,3.0,79.5
Audi,A3,2017,24976.91,124156,Diesel,Automatic,41.1,4.0,74.21
Skoda,Kodiaq,2016,10114.22,97596,Petrol,Manual,32.6,2.0,94.87
Toyota,Corolla,2020,10646.62,53275,Petrol,Manual,38.8,2.0,115.49
Volkswagen,Polo,2016,9451.9,152359,Diesel,Automatic,44.0,1.4,142.86
Toyota,Corolla,2021,14563.65,30741,Diesel,Automatic,32.9,1.5,111.57
BMW,X3,2018,15905.12,65757,Electric,Automatic,138.7,0.0,0.0
BMW,3 Series,2018,25266.06,111897,Petrol,Automatic,22.6,3.0,116.8
Ford,EcoSport,2016,9487.12,116738,Petrol,Manual,21.4,2.0,162.96
BMW,M4,2018,27967.02,87067,Petrol,Automatic,27.9,1.0,90.11
Skoda,Octavia,2024,17728.3,4256,Petrol,Automatic,27.2,2.0,143.46
BMW,X3,2022,37737.64,20616,Petrol,Automatic,25.5,4.0,154.42
Volkswagen,Taigun,2019,18052.52,83864,Hybrid,Automatic,38.2,1.0,87.16
Skoda,Superb,2016,4493.25,111526,Diesel,Manual,25.3,3.0,153.46
Hyundai,Creta,2021,18478.19,34273,Petrol,Automatic,26.3,3.0,40.63
Volkswagen,Taigun,2015,10202.13,179488,Petrol,Automatic,27.3,1.0,32.13
Audi,R8,2022,54447.92,33425,Petrol,Automatic,27.1,1.2,32.57
Hyundai,Elantra,2022,12351.24,33869,Petrol,Automatic,40.2,1.2,192.56
BMW,X3,2018,27239.01,98450,Petrol,Automatic,29.0,1.4,142.32
Toyota,Innova,2022,17889.06,31033,Petrol,Automatic,41.0,1.2,174.57
Skoda,Superb,2019,16835.72,86371,Hybrid,Automatic,35.8,2.0,166.28
Toyota,Land Cruiser,2018,16075.79,92608,Electric,Automatic,138.8,0.0,0.0
Toyota,Camry,2024,35450.33,2601,Petrol,Automatic,36.6,4.0,172.64
Skoda,Superb,2023,15216.51,15663,Diesel,Automatic,23.7,1.4,151.76
BMW,5 Series,2022,28630.89,24680,Diesel,Automatic,32.9,1.5,162.46
Toyota,Innova,2015,3862.97,99290,Electric,Automatic,113.7,0.0,0.0
Hyundai,Verna,2023,17743.94,13785,Diesel,Automatic,21.9,1.2,65.29
Skoda,Slavia,2020,19988.83,71706,Hybrid,Manual,42.1,1.2,99.18
BMW,M4,2019,16876.35,68111,Diesel,Automatic,23.0,4.0,61.46
Hyundai,i20,2022,16910.81,31815,Diesel,Automatic,26.1,2.0,43.02
Audi,A4,2023,27558.26,10559,Petrol,Automatic,24.5,2.0,192.48
Skoda,Octavia,2019,18172.68,80326,Petrol,Automatic,25.5,1.2,93.94
Volkswagen,Taigun,2017,10825.62,81740,Diesel,Semi-Automatic,34.9,1.5,32.39
Toyota,Camry,2016,4241.93,152747,Diesel,Automatic,35.1,2.0,51.94
Skoda,Octavia,2023,23627.73,14822,Petrol,Automatic,40.7,4.0,181.45
Ford,EcoSport,2023,25237.43,16976,Petrol,Semi-Automatic,32.1,1.4,158.36
Skoda,Octavia,2021,11625.11,36975,Hybrid,Manual,41.9,1.2,93.56
BMW,3 Series,2024,56348.87,1106,Hybrid,Automatic,30.2,1.5,39.18
Ford,Endeavour,2019,10207.0,78233,Diesel,Semi-Automatic,29.9,2.0,56.66
Volkswagen,Taigun,2022,14885.12,29675,Electric,Automatic,138.7,0.0,0.0
Ford,Focus,2016,10091.57,135944,Petrol,Manual,30.0,2.0,80.92
Skoda,Octavia,2017,8783.16,126305,Hybrid,Automatic,35.0,1.4,35.87
Audi,Q5,2016,17212.04,154454,Petrol,Automatic,36.4,2.0,71.56
BMW,5 Series,2022,35293.71,33137,Hybrid,Automatic,27.2,2.0,26.05
Skoda,Superb,2024,18220.89,101,Petrol,Semi-Automatic,39.5,1.5,83.56
Toyota,Land Cruiser,2018,12060.89,64117,Petrol,Manual,40.7,1.4,184.7
Hyundai,Tucson,2018,7835.43,115782,Diesel,Manual,30.2,1.0,39.16
Skoda,Kodiaq,2020,24033.5,78268,Hybrid,Automatic,34.4,1.5,144.95
Skoda,Slavia,2018,15540.13,87530,Petrol,Automatic,20.7,1.0,40.93
Toyota,Camry,2018,14453.0,81185,Diesel,Automatic,26.6,1.5,71.71
Ford,Mustang,2016,8066.33,105109,Petrol,Automatic,24.6,1.2,154.31
Toyota,Camry,2018,15020.3,72406,Petrol,Manual,35.5,1.0,48.08
BMW,3 Series,2022,46166.89,30829,Petrol,Automatic,32.1,1.5,131.72
Skoda,Kodiaq,2022,15583.53,30222,Petrol,Automatic,23.2,1.5,114.63
Toyota,Land Cruiser,2015,6817.64,151770,Petrol,Semi-Automatic,37.5,3.0,102.81
BMW,3 Series,2018,16994.74,81696,Hybrid,Automatic,24.7,1.4,67.31
Toyota,Land Cruiser,2020,13557.2,48421,Diesel,Manual,41.4,1.2,70.33
Skoda,Superb,2024,37816.16,4040,Diesel,Automatic,24.9,3.0,164.01
Audi,Q7,2015,8993.05,179600,Hybrid,Automatic,32.9,4.0,149.7
Toyota,Fortuner,2019,14330.11,69920,Diesel,Manual,40.3,3.0,105.78
BMW,X5,2020,21813.29,62299,Hybrid,Automatic,28.6,1.4,94.12
Volkswagen,Taigun,2018,12549.24,92306,Electric,Automatic,116.3,0.0,0.0
Toyota,Innova,2016,6894.99,130536,Petrol,Manual,40.2,3.0,80.73
Skoda,Slavia,2016,4586.02,105078,Diesel,Automatic,35.1,1.5,91.18
Volkswagen,Tiguan,2024,30323.56,4285,Petrol,Manual,26.3,3.0,153.9
BMW,5 Series,2017,14688.77,135575,Petrol,Automatic,21.3,2.0,158.77
Volkswagen,Polo,2016,5803.11,132386,Hybrid,Manual,26.2,3.0,71.15
Audi,A4,2023,55372.66,16635,Hybrid,Automatic,28.1,4.0,105.71
Skoda,Kodiaq,2023,26356.13,16976,Petrol,Automatic,35.8,2.0,134.45
Toyota,Land Cruiser,2023,20015.28,15396,Hybrid,Automatic,29.1,1.4,66.77
BMW,3 Series,2023,64339.69,13438,Petrol,Automatic,20.2,4.0,185.98
Toyota,Fortuner,2015,9320.08,143730,Diesel,Automatic,24.7,1.5,178.79
Toyota,Camry,2017,12025.6,127989,Petrol,Manual,35.6,4.0,112.99
Skoda,Kodiaq,2019,15384.96,63441,Petrol,Manual,23.4,1.5,39.86
Skoda,Slavia,2019,15954.1,66032,Petrol,Semi-Automatic,20.6,1.4,195.02
Hyundai,Creta,2022,16784.15,23013,Petrol,Manual,27.8,1.4,163.9
Toyota,Corolla,2020,9541.76,45843,Petrol,Manual,33.6,4.0,52.69
Hyundai,Elantra,2015,3035.65,112406,Diesel,Automatic,38.4,1.5,26.03
Ford,Fiesta,2023,27999.44,13891,Electric,Automatic,107.9,0.0,0.0
BMW,M4,2023,30575.8,12988,Petrol,Automatic,21.3,1.0,140.01
Audi,Q7,2020,16998.66,63387,Petrol,Automatic,26.1,2.0,194.39
Volkswagen,Passat,2024,20713.98,2549,Diesel,Manual,44.2,1.0,156.72
BMW,X3,2017,22074.73,78807,Petrol,Automatic,44.5,4.0,161.94
Hyundai,Elantra,2018,3836.42,103463,Petrol,Manual,37.7,2.0,120.62
Ford,EcoSport,2018,12174.47,79420,Petrol,Automatic,35.0,1.2,174.9
BMW,M4,2017,17894.98,107912,Petrol,Automatic,39.4,3.0,111.07
Audi,A3,2024,76862.55,3632,Diesel,Automatic,33.5,2.0,89.75
Ford,EcoSport,2023,15956.86,14098,Petrol,Manual,36.5,1.2,27.88
Audi,A3,2018,12510.92,61909,Diesel,Automatic,29.7,2.0,108.18
Ford,Endeavour,2019,6900.72,85892,Petrol,Semi-Automatic,36.4,4.0,187.11
BMW,X5,2015,11670.24,170138,Hybrid,Automatic,39.9,2.0,30.49
Hyundai,Verna,2015,6100.16,97014,Petrol,Automatic,22.5,1.5,61.58
Audi,A4,2023,54165.39,19475,Diesel,Automatic,34.0,4.0,154.3
Ford,Endeavour,2020,19137.87,57082,Petrol,Automatic,33.7,3.0,110.84
Audi,R8,2024,50610.33,4958,Petrol,Automatic,29.3,1.5,157.55
Volkswagen,Tiguan,2024,22424.45,2796,Diesel,Manual,31.3,1.0,192.77
Ford,Fiesta,2019,14637.24,99670,Petrol,Manual,25.5,1.0,174.03
Volkswagen,Tiguan,2023,26151.89,15716,Petrol,Automatic,23.9,2.0,67.7
Audi,A4,2019,28749.97,69989,Hybrid,Automatic,38.4,4.0,150.24
Toyota,Camry,2022,29824.25,31524,Hybrid,Automatic,27.5,2.0,151.54
Toyota,Corolla,2015,9552.64,169181,Petrol,Semi-Automatic,23.0,3.0,158.67
Ford,Endeavour,2015,8087.13,94871,Diesel,Manual,34.1,3.0,78.83
Audi,A4,2015,16216.99,177393,Diesel,Automatic,34.4,1.5,36.21
Hyundai,Elantra,2017,3714.89,110000,Petrol,Manual,22.1,4.0,110.33
Ford,Focus,2017,8864.24,97672,Diesel,Automatic,44.9,1.2,114.36
BMW,X3,2021,30759.75,32687,Diesel,Automatic,30.6,1.4,82.7
Hyundai,Verna,2015,5492.53,121474,Hybrid,Automatic,35.6,4.0,99.28
Audi,A4,2020,20633.29,43432,Diesel,Automatic,26.1,1.2,131.78
Volkswagen,Tiguan,2015,6216.06,117460,Petrol,Manual,38.5,2.0,58.14
Skoda,Kodiaq,2023,26219.88,11413,Diesel,Manual,34.6,1.0,139.44
Hyundai,Creta,2015,3841.87,145616,Petrol,Automatic,20.2,1.4,89.96
Ford,Mustang,2016,4555.13,131952,Petrol,Manual,44.4,1.4,37.93
Toyota,Land Cruiser,2023,14091.48,19667,Diesel,Automatic,21.0,1.4,186.01
Hyundai,Elantra,2021,13811.97,50529,Petrol,Manual,44.9,1.4,196.15
Volkswagen,Polo,2019,19784.71,90742,Petrol,Automatic,27.0,1.5,47.31
Ford,Focus,2016,10095.66,134239,Hybrid,Automatic,30.4,1.5,123.12
Hyundai,Verna,2020,9179.66,66098,Diesel,Automatic,25.1,3.0,44.86
Ford,Endeavour,2017,9676.4,123903,Diesel,Automatic,24.0,2.0,32.21
Ford,Fiesta,2017,8460.12,120895,Diesel,Automatic,30.4,1.5,94.03
Ford,Mustang,2017,11334.11,82932,Diesel,Automatic,26.7,1.2,122.07
Skoda,Superb,2018,13056.42,101288,Petrol,Automatic,35.1,1.4,148.16
Audi,Q7,2022,36184.19,24525,Petrol,Automatic,44.2,1.5,186.58
Audi,A4,2018,13634.67,119137,Hybrid,Automatic,32.2,1.5,78.48
Audi,Q7,2021,43170.58,54729,Diesel,Automatic,29.9,2.0,189.05
Skoda,Octavia,2023,15403.63,18777,Hybrid,Manual,33.4,1.0,197.09
Skoda,Slavia,2023,35246.37,11898,Petrol,Automatic,39.3,1.2,71.46
Toyota,Fortuner,2024,44188.28,2371,Diesel,Manual,32.5,2.0,52.36
Ford,Endeavour,2017,8285.65,71743,Petrol,Automatic,42.4,1.0,178.86
Hyundai,Tucson,2017,7223.51,77991,Petrol,Manual,33.1,4.0,89.14
Skoda,Superb,2021,17586.11,35126,Petrol,Automatic,41.6,1.2,49.18
Audi,A3,2021,29166.71,58828,Petrol,Automatic,24.5,1.2,181.74
BMW,M4,2019,13575.55,74932,Hybrid,Automatic,35.2,1.2,108.82
Skoda,Slavia,2022,18068.07,32002,Petrol,Automatic,35.5,4.0,120.36
Audi,A3,2017,12361.36,72570,Hybrid,Automatic,36.7,1.4,170.84
Hyundai,i20,2015,3099.1,104520,Petrol,Automatic,37.5,2.0,123.01
Audi,Q7,2024,43552.62,1681,Hybrid,Automatic,40.5,4.0,156.52
Skoda,Octavia,2019,11945.8,92970,Petrol,Automatic,25.2,1.0,57.63
BMW,M4,2023,67235.14,16886,Hybrid,Automatic,44.7,2.0,71.69
Volkswagen,Tiguan,2019,15000.48,67692,Petrol,Automatic,33.0,1.5,133.73
Volkswagen,Golf,2024,21060.57,679,Petrol,Automatic,38.4,2.0,57.32
Toyota,Innova,2015,5863.62,147375,Petrol,Manual,27.0,1.4,162.24
Hyundai,Verna,2023,12623.21,16858,Petrol,Automatic,35.4,1.2,25.24
Audi,Q5,2020,39565.96,58980,Petrol,Automatic,23.4,1.5,47.97
Volkswagen,Taigun,2020,16019.51,77111,Petrol,Automatic,34.1,2.0,142.08
Skoda,Octavia,2018,11779.92,114971,Diesel,Manual,23.7,1.4,171.33
Toyota,Land Cruiser,2017,10072.47,111663,Hybrid,Automatic,37.6,1.0,76.61
Hyundai,Elantra,2016,5148.64,116152,Electric,Automatic,115.1,0.0,0.0
Hyundai,i20,2018,10541.03,61496,Petrol,Automatic,24.8,3.0,186.25
Volkswagen,Taigun,2019,15767.54,93589,Hybrid,Semi-Automatic,36.9,3.0,43.89
BMW,X5,2021,40518.38,30123,Hybrid,Automatic,37.2,1.0,126.97
Hyundai,Elantra,2015,2942.51,157099,Petrol,Automatic,36.0,1.2,57.77
Audi,Q5,2019,26490.31,83556,Petrol,Automatic,23.9,2.0,40.6
Skoda,Octavia,2018,11912.14,76263,Hybrid,Automatic,34.4,1.4,50.83
Skoda,Kodiaq,2023,22282.71,14707,Diesel,Manual,21.3,1.2,96.76
Ford,Endeavour,2024,35172.56,1842,Petrol,Manual,39.0,1.0,165.67
Volkswagen,Passat,2024,20139.81,2394,Petrol,Automatic,37.8,1.2,103.77
Audi,A4,2024,41730.96,4594,Petrol,Automatic,41.5,1.5,78.46
BMW,3 Series,2022,25643.09,36915,Petrol,Automatic,28.7,2.0,123.44
BMW,X5,2016,12991.59,143394,Diesel,Automatic,30.0,2.0,94.42
Audi,R8,2017,24641.47,93849,Hybrid,Automatic,34.8,1.5,161.18
Skoda,Kodiaq,2023,28459.46,16696,Diesel,Automatic,40.9,2.0,40.58
Toyota,Fortuner,2023,15073.19,13080,Petrol,Automatic,37.1,4.0,127.35
Toyota,Fortuner,2022,22641.04,24352,Petrol,Automatic,38.9,4.0,165.77
Audi,A4,2022,39967.41,31558,Petrol,Automatic,37.0,2.0,76.99
Volkswagen,Tiguan,2021,24299.02,59708,Diesel,Automatic,32.8,4.0,172.57
Hyundai,i20,2020,15996.24,40033,Diesel,Semi-Automatic,22.7,1.0,70.8
Audi,Q7,2024,47905.11,1969,Diesel,Automatic,36.6,1.2,105.48
Skoda,Slavia,2020,19533.09,79898,Diesel,Manual,21.8,3.0,22.83
Toyota,Innova,2017,5782.85,99109,Petrol,Automatic,35.1,1.2,96.63
Toyota,Land Cruiser,2021,19189.06,40659,Petrol,Automatic,34.4,1.2,172.42
Ford,Endeavour,2019,12236.25,68348,Electric,Automatic,135.2,0.0,0.0
Skoda,Slavia,2016,5491.69,158686,Electric,Automatic,123.2,0.0,0.0
Skoda,Octavia,2018,11534.63,117624,Petrol,Automatic,40.0,1.0,76.25
Hyundai,Verna,2015,4499.5,132230,Diesel,Automatic,44.0,1.4,163.68
Audi,A3,2024,70534.08,400,Petrol,Automatic,24.2,1.4,29.29
Volkswagen,Taigun,2015,5010.7,135503,Hybrid,Manual,23.3,4.0,70.57
Hyundai,i20,2016,6509.06,139117,Diesel,Manual,24.4,1.2,160.85
Toyota,Camry,2023,33639.75,10844,Petrol,Semi-Automatic,23.9,1.5,109.27
Volkswagen,Passat,2018,13725.93,70036,Diesel,Automatic,21.4,4.0,67.59
BMW,3 Series,2017,16973.87,103338,Hybrid,Automatic,43.1,3.0,62.06
Ford,EcoSport,2022,16630.54,28694,Petrol,Automatic,29.6,2.0,76.82
Ford,Fiesta,2016,11907.93,156494,Petrol,Semi-Automatic,41.5,1.4,80.29
Volkswagen,Polo,2019,15031.15,88657,Diesel,Automatic,34.7,1.4,55.09
Ford,Focus,2020,16972.8,73267,Petrol,Manual,22.6,1.2,100.27
Ford,Mustang,2019,8346.85,54597,Hybrid,Automatic,40.9,3.0,191.09
BMW,3 Series,2016,18374.54,132511,Hybrid,Automatic,34.2,1.0,194.09
Ford,Focus,2019,10916.09,53785,Petrol,Semi-Automatic,39.2,3.0,144.6
Volkswagen,Tiguan,2019,8060.79,88855,Petrol,Manual,21.5,1.4,192.01
Audi,Q7,2016,16149.17,128824,Petrol,Automatic,32.3,4.0,45.9
Toyota,Camry,2024,37130.66,606,Petrol,Automatic,26.3,1.5,100.26
Audi,A3,2015,13961.09,153004,Hybrid,Automatic,34.4,4.0,112.77
Toyota,Innova,2021,17412.09,54368,Petrol,Manual,29.6,4.0,144.07
Toyota,Corolla,2024,34112.86,1583,Petrol,Semi-Automatic,36.2,4.0,85.76
Hyundai,i20,2022,17448.43,24062,Diesel,Semi-Automatic,36.5,1.5,73.8
BMW,X3,2022,25397.73,34706,Petrol,Automatic,24.8,2.0,149.55
Audi,Q7,2021,20523.13,39231,Diesel,Automatic,40.9,1.0,100.88
BMW,X3,2015,11339.6,126495,Petrol,Automatic,36.3,3.0,114.16
Volkswagen,Taigun,2017,11298.19,75042,Diesel,Automatic,20.5,2.0,183.29
BMW,5 Series,2017,10108.85,133326,Hybrid,Automatic,22.4,4.0,130.02
Skoda,Octavia,2016,5116.12,129250,Petrol,Manual,28.4,3.0,170.46
Ford,EcoSport,2020,10079.82,61835,Petrol,Semi-Automatic,25.3,1.2,28.21
Hyundai,i20,2016,4434.82,93444,Petrol,Manual,26.1,1.2,124.76
BMW,M4,2021,38204.78,44609,Petrol,Automatic,24.5,3.0,36.05
Skoda,Kodiaq,2021,23274.02,44280,Petrol,Manual,26.8,1.2,101.08
Audi,R8,2015,14455.65,145084,Petrol,Automatic,40.7,1.5,74.22
BMW,M4,2018,16386.61,118607,Diesel,Automatic,41.6,2.0,197.62
Audi,Q7,2018,15514.8,107796,Diesel,Automatic,44.2,1.2,105.39
Audi,A3,2015,13796.82,129120,Petrol,Automatic,40.1,1.0,156.51
BMW,3 Series,2023,34858.06,14850,Petrol,Automatic,42.4,2.0,149.85
Skoda,Kodiaq,2021,13328.97,39770,Diesel,Manual,22.5,4.0,152.79
Audi,Q7,2018,12917.22,63260,Petrol,Automatic,25.4,1.2,129.7
Toyota,Fortuner,2017,8647.47,95101,Petrol,Manual,20.8,1.4,122.36
Audi,A3,2022,35726.43,26871,Hybrid,Automatic,35.1,3.0,162.12
Skoda,Superb,2024,47235.5,4299,Petrol,Semi-Automatic,34.8,1.4,170.66
BMW,X5,2018,15777.72,73344,Hybrid,Automatic,43.7,1.0,184.48
Toyota,Corolla,2015,10845.99,135379,Petrol,Manual,40.2,1.0,145.4
Toyota,Innova,2018,6931.31,101589,Petrol,Manual,29.0,1.0,63.03
BMW,X5,2019,16763.17,78519,Diesel,Automatic,44.4,1.2,103.48
Volkswagen,Passat,2017,12083.49,102500,Diesel,Automatic,21.8,1.4,180.82
Skoda,Octavia,2019,11757.37,97304,Diesel,Automatic,39.7,1.4,34.57
Ford,Fiesta,2023,38143.11,18879,Petrol,Manual,35.5,1.2,85.8
Ford,Endeavour,2016,9145.85,91072,Petrol,Automatic,36.2,4.0,152.73
Skoda,Superb,2018,10021.94,90213,Petrol,Manual,29.3,2.0,101.43
Skoda,Octavia,2022,27158.12,30657,Petrol,Automatic,40.0,4.0,190.17
BMW,5 Series,2022,24286.18,23576,Electric,Automatic,103.8,0.0,0.0
Hyundai,i20,2017,6867.09,106448,Diesel,Manual,44.2,1.2,117.46
Toyota,Fortuner,2021,17892.64,38745,Petrol,Automatic,25.8,3.0,190.54
Hyundai,Elantra,2024,17348.21,3007,Diesel,Automatic,31.1,1.2,74.73
Volkswagen,Tiguan,2017,11721.75,96033,Petrol,Automatic,23.7,1.2,71.19
Skoda,Superb,2023,21918.86,18393,Diesel,Automatic,23.8,1.0,62.82
Hyundai,Verna,2017,5875.31,84360,Diesel,Automatic,44.5,1.5,46.63
Skoda,Superb,2023,22158.49,14045,Petrol,Manual,31.5,1.0,77.64
Ford,Endeavour,2023,22068.67,14739,Petrol,Semi-Automatic,44.5,1.2,123.27
Volkswagen,Taigun,2022,16768.98,29579,Petrol,Automatic,22.9,2.0,24.46
Volkswagen,Golf,2022,17938.64,32163,Petrol,Automatic,39.5,1.2,158.08
BMW,3 Series,2023,63783.16,19576,Electric,Automatic,119.7,0.0,0.0
Hyundai,Verna,2024,18434.79,2048,Diesel,Automatic,29.7,1.4,22.19
Hyundai,Tucson,2022,18220.71,34557,Petrol,Semi-Automatic,40.1,4.0,71.95
Ford,EcoSport,2021,11988.69,32582,Petrol,Automatic,41.7,1.0,197.59
Skoda,Slavia,2016,4256.44,101866,Petrol,Automatic,34.2,1.2,184.68
Audi,Q7,2019,23255.18,91312,Hybrid,Automatic,27.6,1.5,120.67
Audi,A3,2015,8383.24,147649,Diesel,Automatic,23.1,1.4,139.86
Toyota,Camry,2022,31375.21,20568,Diesel,Automatic,44.3,1.4,127.8
Skoda,Slavia,2024,26722.39,4873,Hybrid,Manual,38.3,1.4,23.16
Audi,R8,2015,8573.58,152395,Petrol,Automatic,21.3,3.0,85.01
Hyundai,i20,2019,7220.54,53841,Petrol,Automatic,39.1,1.2,127.78
Skoda,Kodiaq,2020,21546.94,52042,Diesel,Automatic,22.4,4.0,124.41
Audi,A3,2017,17467.8,103942,Petrol,Automatic,42.8,1.2,38.44
Skoda,Superb,2018,14825.37,101379,Electric,Automatic,135.6,0.0,0.0
Volkswagen,Polo,2021,16196.66,54565,Hybrid,Automatic,27.8,4.0,85.26
Toyota,Land Cruiser,2023,31203.62,17098,Petrol,Automatic,25.6,1.2,174.23
Ford,Focus,2019,7708.44,53930,Diesel,Automatic,21.9,4.0,159.44
Toyota,Corolla,2018,7280.22,90808,Petrol,Manual,26.3,3.0,31.92
BMW,3 Series,2016,19490.35,152093,Petrol,Automatic,28.8,4.0,36.34
Ford,Mustang,2024,23708.34,3669,Petrol,Automatic,22.5,1.0,124.06
Skoda,Superb,2018,15479.82,105241,Petrol,Automatic,43.1,4.0,185.69
Ford,EcoSport,2020,17581.39,66941,Petrol,Automatic,44.5,2.0,96.34
Audi,Q7,2016,17859.59,117272,Diesel,Automatic,32.4,1.4,85.03
Skoda,Octavia,2016,6249.33,102688,Diesel,Manual,44.4,2.0,99.91
Toyota,Fortuner,2021,11597.67,55231,Petrol,Automatic,24.5,1.5,199.77
Ford,Fiesta,2021,17830.58,32550,Petrol,Automatic,34.8,1.2,38.31
BMW,X3,2018,18036.39,119439,Petrol,Automatic,41.0,1.4,150.54
Volkswagen,Taigun,2024,24531.8,2061,Petrol,Automatic,30.1,1.4,107.22
Audi,Q7,2016,9818.52,98465,Hybrid,Automatic,20.7,4.0,152.8
BMW,X5,2015,17778.58,151128,Petrol,Automatic,35.5,1.0,37.34
Ford,Endeavour,2022,26349.58,33241,Petrol,Manual,28.6,2.0,174.74
BMW,3 Series,2021,41987.11,43503,Hybrid,Automatic,31.1,1.2,26.48
Skoda,Kodiaq,2017,8838.31,120100,Petrol,Manual,36.9,3.0,138.81
Skoda,Slavia,2022,21441.74,21114,Petrol,Automatic,29.4,4.0,141.77
Hyundai,Tucson,2015,2223.98,165324,Petrol,Automatic,20.7,1.4,180.44
Toyota,Corolla,2021,15126.52,40538,Diesel,Manual,36.2,3.0,126.66
BMW,X3,2016,11547.21,106089,Petrol,Automatic,41.6,1.5,122.25
Hyundai,i20,2022,17248.83,27554,Petrol,Automatic,40.2,3.0,38.01
Audi,Q5,2022,41948.14,26790,Diesel,Automatic,29.1,1.5,98.48
Ford,Fiesta,2023,17353.78,12973,Diesel,Automatic,35.6,3.0,192.43
Volkswagen,Taigun,2016,8521.11,125314,Diesel,Automatic,28.7,4.0,33.8
Hyundai,Verna,2019,8344.89,60003,Petrol,Automatic,31.3,1.2,157.42
BMW,M4,2017,17780.51,137348,Diesel,Automatic,31.7,2.0,188.69
Volkswagen,Taigun,2021,27629.32,31796,Petrol,Automatic,26.0,4.0,154.36
Hyundai,Elantra,2021,10719.18,31932,Petrol,Automatic,40.6,1.4,136.29
Ford,Endeavour,2018,9457.25,71514,Petrol,Automatic,31.6,1.5,120.77
Toyota,Corolla,2018,6917.83,75503,Hybrid,Automatic,24.4,3.0,173.45
Toyota,Corolla,2015,8660.95,144143,Hybrid,Semi-Automatic,30.2,3.0,85.42
BMW,X5,2017,13591.0,105017,Petrol,Automatic,36.6,4.0,124.48
Skoda,Kodiaq,2022,28438.36,22445,Hybrid,Manual,34.6,3.0,90.19
Ford,Focus,2021,12188.16,36423,Petrol,Automatic,41.6,2.0,30.07
Hyundai,i20,2020,10862.8,49853,Petrol,Automatic,23.6,1.4,105.54
Volkswagen,Tiguan,2015,8603.83,93132,Diesel,Automatic,21.4,3.0,185.14
Audi,Q5,2023,43012.32,17006,Hybrid,Automatic,37.1,1.2,116.28
Volkswagen,Passat,2021,10219.02,57825,Hybrid,Manual,43.4,1.4,156.2
Audi,A4,2022,47858.56,35334,Petrol,Automatic,20.8,4.0,175.96
Volkswagen,Passat,2022,29097.66,26654,Petrol,Semi-Automatic,22.5,1.4,48.86
Skoda,Octavia,2020,15082.16,61909,Petrol,Automatic,39.0,1.2,135.45
Ford,EcoSport,2017,4548.02,91388,Diesel,Manual,26.2,4.0,148.44
Volkswagen,Golf,2024,37654.61,2443,Diesel,Manual,37.2,4.0,168.82
Hyundai,Creta,2016,4666.75,150111,Hybrid,Automatic,25.6,2.0,190.66
Ford,Endeavour,2018,17427.13,71895,Diesel,Manual,30.0,1.4,97.2
Audi,A3,2020,20370.77,40564,Diesel,Automatic,39.3,4.0,187.09
Ford,EcoSport,2016,5570.83,155684,Hybrid,Manual,38.7,1.5,88.77
Volkswagen,Golf,2024,22858.44,1027,Petrol,Automatic,20.7,1.2,195.7
Skoda,Slavia,2018,10202.12,87489,Petrol,Manual,28.1,3.0,144.74
Audi,Q7,2021,39026.49,32858,Petrol,Automatic,28.3,1.4,62.27
Skoda,Octavia,2015,5362.12,117225,Petrol,Manual,44.2,2.0,120.72
Audi,Q5,2017,19214.45,131452,Petrol,Automatic,27.9,1.2,115.48
Hyundai,i20,2020,5258.3,74867,Hybrid,Automatic,43.2,1.4,70.93
Skoda,Kodiaq,2023,22359.92,13155,Electric,Automatic,107.6,0.0,0.0
Ford,EcoSport,2015,4360.51,106482,Petrol,Manual,31.7,1.5,40.88
BMW,X5,2020,41973.37,58310,Petrol,Automatic,38.0,1.4,46.65
BMW,5 Series,2019,16170.08,75436,Petrol,Automatic,42.3,2.0,125.42
BMW,M4,2024,42310.06,2540,Petrol,Automatic,28.2,3.0,71.17
BMW,X5,2020,33871.93,73479,Petrol,Automatic,22.0,3.0,169.53
Toyota,Innova,2019,13125.53,98488,Diesel,Semi-Automatic,28.1,3.0,151.68
Volkswagen,Taigun,2017,6223.91,115055,Petrol,Manual,21.8,1.5,191.34
BMW,X5,2019,18865.76,93275,Petrol,Automatic,41.3,4.0,49.33
Toyota,Fortuner,2017,5957.6,100265,Hybrid,Manual,37.1,3.0,43.63
BMW,X3,2023,33623.6,13880,Petrol,Automatic,35.0,1.5,36.24
Volkswagen,Tiguan,2024,21128.86,2615,Electric,Automatic,132.4,0.0,0.0
Audi,Q7,2023,52514.2,12907,Petrol,Automatic,42.7,1.2,105.97
Audi,Q5,2018,20312.4,62863,Petrol,Automatic,21.1,1.5,39.37
Toyota,Corolla,2022,25506.14,25067,Petrol,Manual,32.6,3.0,40.51
Toyota,Camry,2017,11740.57,99137,Diesel,Manual,38.1,1.5,156.32
Skoda,Kodiaq,2020,24675.0,47487,Petrol,Automatic,35.1,1.0,176.89
Toyota,Land Cruiser,2015,3245.42,105456,Petrol,Automatic,41.7,2.0,193.84
Ford,EcoSport,2019,16299.72,68036,Diesel,Automatic,29.9,1.2,74.48
Audi,A3,2018,12125.04,118231,Hybrid,Automatic,25.2,3.0,136.75
Audi,Q7,2023,32275.48,14634,Petrol,Automatic,20.5,1.2,49.9
Ford,EcoSport,2022,22572.28,31704,Petrol,Automatic,40.8,1.0,29.17
BMW,X5,2021,46590.7,47875,Diesel,Automatic,27.3,1.5,107.75
Skoda,Slavia,2018,13816.86,85320,Petrol,Manual,42.3,1.5,95.08
BMW,X5,2024,74589.98,201,Petrol,Automatic,24.8,1.2,81.89
Skoda,Superb,2024,40912.24,4228,Diesel,Manual,27.3,1.5,148.05
Volkswagen,Tiguan,2022,30113.43,32436,Petrol,Automatic,36.7,1.2,43.24
Audi,R8,2022,24894.69,39875,Petrol,Automatic,25.2,1.0,28.47
Hyundai,Tucson,2020,11487.9,74378,Diesel,Automatic,28.4,1.2,40.51
BMW,M4,2018,22508.75,107093,Diesel,Automatic,39.3,1.2,120.26
Volkswagen,Taigun,2024,36532.9,2245,Petrol,Automatic,22.8,2.0,39.06
Skoda,Octavia,2023,12729.56,16299,Hybrid,Semi-Automatic,23.9,1.5,72.58
Volkswagen,Taigun,2022,24574.55,32941,Petrol,Manual,41.2,1.5,99.04
Volkswagen,Polo,2018,15023.18,77205,Petrol,Manual,37.9,3.0,94.7
Ford,Focus,2017,12123.95,125105,Petrol,Automatic,43.0,4.0,181.65
Skoda,Kodiaq,2015,6903.39,154586,Diesel,Manual,28.5,4.0,92.3
Audi,Q7,2015,10437.92,173026,Petrol,Automatic,34.4,3.0,195.99
Volkswagen,Taigun,2019,13181.19,85039,Hybrid,Automatic,27.8,4.0,81.95
Hyundai,Verna,2024,29547.05,1105,Diesel,Automatic,36.3,4.0,145.54
Volkswagen,Passat,2018,14325.89,92246,Petrol,Automatic,42.0,2.0,113.68
Hyundai,Creta,2016,5306.39,107256,Diesel,Manual,42.3,1.4,117.19
Audi,Q5,2021,44932.84,31798,Petrol,Automatic,35.7,1.0,83.81
Volkswagen,Polo,2022,18115.14,29062,Electric,Automatic,149.5,0.0,0.0
Ford,Endeavour,2024,21131.02,4093,Diesel,Manual,29.4,1.0,152.75
Hyundai,Verna,2024,14622.75,818,Petrol,Automatic,22.3,1.2,96.48
Toyota,Camry,2022,12972.83,28055,Diesel,Automatic,41.8,3.0,125.17
Toyota,Innova,2022,26253.87,23256,Diesel,Automatic,31.4,2.0,194.25
Volkswagen,Taigun,2016,9677.42,82608,Petrol,Automatic,43.0,4.0,41.38
Toyota,Corolla,2016,6809.47,121822,Petrol,Manual,29.4,1.0,72.92
Volkswagen,Golf,2017,12153.43,135577,Petrol,Manual,24.6,1.0,153.14
BMW,M4,2020,15836.99,59247,Petrol,Automatic,31.3,1.5,80.81
Toyota,Land Cruiser,2017,12148.14,102265,Petrol,Automatic,41.7,4.0,78.54
Skoda,Slavia,2021,13218.88,46229,Electric,Automatic,136.8,0.0,0.0
BMW,5 Series,2015,14376.63,153665,Diesel,Automatic,23.1,1.2,120.68
Skoda,Octavia,2024,32188.67,191,Diesel,Automatic,44.1,1.2,69.49
Audi,R8,2022,24898.83,26408,Diesel,Automatic,32.3,1.4,188.09
Toyota,Camry,2021,9708.97,41460,Petrol,Semi-Automatic,33.5,1.2,71.36
Hyundai,i20,2017,5076.87,81843,Diesel,Manual,20.7,1.5,30.53
BMW,X3,2017,15663.65,96285,Hybrid,Automatic,23.0,4.0,56.46
Skoda,Superb,2022,21881.2,38987,Petrol,Manual,33.8,1.0,31.78
Toyota,Camry,2015,5839.92,150758,Petrol,Automatic,39.6,1.5,74.83
Toyota,Corolla,2023,19616.84,13733,Electric,Automatic,126.9,0.0,0.0
Skoda,Slavia,2015,3456.6,164643,Petrol,Semi-Automatic,20.0,1.5,188.03
Hyundai,Verna,2019,11601.84,67570,Diesel,Automatic,32.8,3.0,28.19
Skoda,Octavia,2019,8161.32,91524,Diesel,Semi-Automatic,42.0,2.0,57.95
Volkswagen,Tiguan,2020,19482.28,68310,Petrol,Automatic,28.0,2.0,57.91
Hyundai,i20,2017,6618.43,103357,Hybrid,Automatic,30.3,3.0,181.15
Toyota,Innova,2023,15935.84,16512,Diesel,Automatic,40.4,1.0,100.13
Hyundai,Elantra,2024,16051.46,3515,Petrol,Automatic,43.4,1.2,100.02
Ford,Fiesta,2019,16372.04,59575,Hybrid,Automatic,40.2,1.5,59.81
Hyundai,i20,2019,9170.1,80301,Petrol,Semi-Automatic,36.0,1.4,39.97
Skoda,Slavia,2017,10438.71,109599,Diesel,Automatic,21.6,1.0,43.08
Audi,Q5,2024,78319.37,1444,Hybrid,Automatic,20.6,3.0,194.57
Skoda,Kodiaq,2023,31755.98,14271,Diesel,Automatic,41.3,4.0,78.14
Toyota,Fortuner,2016,9583.11,108917,Diesel,Automatic,25.6,1.5,70.03
Skoda,Slavia,2020,7427.7,43272,Diesel,Manual,38.4,1.5,196.06
BMW,5 Series,2018,13870.7,97559,Petrol,Automatic,32.0,2.0,165.45
Volkswagen,Tiguan,2019,9892.92,97940,Hybrid,Automatic,33.0,1.0,62.61
Volkswagen,Taigun,2024,25879.03,711,Electric,Automatic,118.9,0.0,0.0
Ford,Fiesta,2017,5731.83,73835,Diesel,Automatic,22.5,1.0,30.04
Hyundai,Elantra,2021,7687.07,36993,Diesel,Automatic,20.3,4.0,89.11
Toyota,Land Cruiser,2024,18582.81,227,Diesel,Automatic,22.7,3.0,22.21
BMW,M4,2018,26246.54,90533,Petrol,Automatic,32.0,1.2,131.75
Audi,A4,2015,7360.93,129226,Electric,Automatic,137.7,0.0,0.0
Skoda,Superb,2017,9516.91,90374,Electric,Automatic,132.9,0.0,0.0
BMW,5 Series,2023,61032.46,10546,Petrol,Automatic,44.4,1.2,135.3
Volkswagen,Polo,2020,10743.03,67673,Petrol,Automatic,41.3,1.4,121.9
Skoda,Kodiaq,2021,14059.77,56283,Hybrid,Automatic,43.0,3.0,134.98
Audi,Q7,2024,40500.37,4091,Hybrid,Automatic,29.4,4.0,92.06
BMW,X3,2015,7068.98,100367,Petrol,Automatic,24.9,4.0,125.42
Hyundai,i20,2015,3098.73,109705,Petrol,Manual,41.2,1.2,64.27
BMW,5 Series,2019,30303.45,83872,Petrol,Automatic,39.7,1.2,39.97
Hyundai,Elantra,2018,6392.22,70281,Diesel,Automatic,35.6,3.0,98.07
BMW,3 Series,2017,22011.42,83274,Diesel,Automatic,37.4,1.5,77.23
Ford,Focus,2015,8929.82,166899,Petrol,Manual,26.2,1.4,133.3
Volkswagen,Golf,2023,40333.22,12092,Petrol,Automatic,36.6,2.0,31.68
Toyota,Land Cruiser,2020,15526.31,52872,Petrol,Automatic,37.9,1.4,109.06
Skoda,Slavia,2024,32472.26,2315,Petrol,Manual,30.6,1.2,87.87
Volkswagen,Tiguan,2019,12961.36,54201,Petrol,Manual,34.6,2.0,103.75
Hyundai,Elantra,2022,13726.52,36090,Petrol,Manual,24.5,3.0,62.08
BMW,X3,2016,12191.68,123732,Petrol,Automatic,26.9,1.0,60.99
BMW,X3,2015,12830.68,150759,Petrol,Automatic,38.6,4.0,158.33
Hyundai,Creta,2024,32946.35,3725,Hybrid,Manual,27.5,4.0,168.02
Toyota,Innova,2024,34050.5,4947,Electric,Automatic,111.4,0.0,0.0
Ford,Focus,2022,16180.18,31052,Petrol,Automatic,28.5,4.0,35.46
Audi,Q7,2021,24610.58,46753,Petrol,Automatic,34.4,3.0,43.1
BMW,X5,2020,24133.0,67430,Petrol,Automatic,39.5,1.4,116.77
Skoda,Octavia,2024,41816.37,4767,Petrol,Automatic,35.1,4.0,129.41
Toyota,Innova,2018,14960.95,83186,Petrol,Manual,44.0,1.4,135.02
BMW,5 Series,2016,16249.84,146117,Diesel,Automatic,20.7,1.5,55.82
Hyundai,Creta,2018,5996.42,87279,Petrol,Manual,28.2,1.5,183.77
Audi,A3,2017,18136.8,74813,Electric,Automatic,143.3,0.0,0.0
Volkswagen,Golf,2019,12929.02,73739,Diesel,Semi-Automatic,34.7,3.0,110.45
Toyota,Fortuner,2018,5331.17,63838,Petrol,Automatic,33.1,1.5,183.85
Toyota,Innova,2024,14849.96,4602,Petrol,Automatic,39.8,4.0,90.4
Volkswagen,Golf,2021,14905.92,51997,Petrol,Semi-Automatic,24.6,1.5,122.35
Ford,Fiesta,2018,14604.19,112953,Diesel,Automatic,21.7,1.2,150.78
Toyota,Innova,2023,15425.49,17553,Diesel,Automatic,30.3,1.2,49.67
Skoda,Octavia,2022,11733.69,33512,Petrol,Manual,30.0,1.0,54.99
BMW,X3,2016,16539.13,133623,Petrol,Automatic,31.5,3.0,34.86
Audi,Q7,2017,16405.36,81295,Hybrid,Automatic,35.2,1.0,51.9
Skoda,Slavia,2017,5847.66,117416,Petrol,Manual,25.4,3.0,26.2
Skoda,Superb,2022,27685.12,36230,Diesel,Automatic,42.4,1.4,90.31
Toyota,Corolla,2024,15964.83,4651,Petrol,Manual,22.3,1.0,95.9
Hyundai,Creta,2016,4227.2,143753,Hybrid,Manual,24.2,1.0,94.82
Volkswagen,Tiguan,2020,15599.28,48284,Diesel,Semi-Automatic,23.0,1.4,58.48
Hyundai,Creta,2015,4025.43,125026,Petrol,Manual,40.4,1.4,136.99
BMW,3 Series,2018,20086.98,89974,Electric,Automatic,135.6,0.0,0.0
Volkswagen,Taigun,2017,6645.51,92704,Diesel,Manual,43.1,1.2,158.85
Hyundai,Creta,2020,15944.17,42700,Petrol,Semi-Automatic,31.2,3.0,111.98
Audi,R8,2024,58881.72,3818,Petrol,Automatic,25.9,1.2,97.13
Skoda,Octavia,2015,4428.93,108181,Petrol,Automatic,26.0,1.5,150.56
Ford,Mustang,2017,7698.41,123234,Diesel,Semi-Automatic,36.2,1.0,71.92
Audi,Q5,2020,22155.8,76265,Diesel,Automatic,26.2,3.0,143.72
Audi,R8,2021,32256.7,48893,Petrol,Automatic,32.3,1.0,191.66
Ford,Focus,2018,6615.96,92930,Diesel,Manual,32.7,1.5,96.72
Hyundai,Creta,2018,5255.34,74938,Petrol,Automatic,35.9,4.0,68.93
Toyota,Corolla,2020,13131.99,57655,Diesel,Automatic,39.0,4.0,167.53
Toyota,Corolla,2021,15661.95,57193,Petrol,Automatic,33.8,1.5,51.63
Toyota,Fortuner,2022,17187.41,29616,Petrol,Automatic,24.9,1.0,184.9
BMW,M4,2020,30912.64,77611,Electric,Automatic,118.7,0.0,0.0
Hyundai,Verna,2016,4495.91,153728,Petrol,Automatic,24.9,1.4,98.53
Volkswagen,Tiguan,2023,31665.14,13681,Petrol,Manual,30.6,1.5,64.42
BMW,X3,2015,15462.57,113519,Petrol,Automatic,37.0,2.0,65.77
Skoda,Superb,2015,3935.93,154044,Petrol,Automatic,44.4,1.2,34.46
Toyota,Camry,2021,13322.04,59030,Diesel,Manual,27.7,3.0,94.09
Volkswagen,Polo,2016,9801.93,107551,Petrol,Automatic,43.3,1.4,91.63
BMW,5 Series,2022,19862.38,33926,Diesel,Automatic,36.4,1.2,151.95
Audi,Q5,2017,19639.96,82738,Hybrid,Automatic,31.3,1.2,166.59
Audi,A3,2017,21195.61,138806,Hybrid,Automatic,31.0,1.0,184.33
Volkswagen,Golf,2016,6325.02,102140,Petrol,Automatic,31.9,1.0,141.1
BMW,3 Series,2019,27034.36,79122,Electric,Automatic,104.8,0.0,0.0
Volkswagen,Polo,2021,22299.98,52840,Hybrid,Automatic,28.4,1.4,97.3
Ford,Mustang,2020,22440.9,66603,Petrol,Manual,28.9,1.0,79.45
BMW,X5,2021,43850.04,34165,Diesel,Automatic,41.7,3.0,70.3
Volkswagen,Golf,2020,15462.32,74794,Diesel,Automatic,20.1,4.0,134.85
Hyundai,i20,2020,15685.52,69432,Diesel,Manual,32.1,4.0,153.06
BMW,X3,2021,51432.33,44283,Diesel,Automatic,37.5,1.5,38.08
Hyundai,Verna,2018,9817.89,112574,Diesel,Automatic,20.8,1.0,109.63
Hyundai,Verna,2022,9549.66,22313,Diesel,Manual,25.3,3.0,155.59
Ford,Fiesta,2016,7972.28,92818,Hybrid,Semi-Automatic,39.2,1.4,59.67
Ford,EcoSport,2016,10332.96,130683,Petrol,Automatic,28.3,2.0,60.29
Volkswagen,Taigun,2016,9121.73,137395,Diesel,Manual,36.1,4.0,121.14
Toyota,Camry,2018,8229.71,66682,Petrol,Automatic,24.7,2.0,189.56
Hyundai,Creta,2020,15414.19,40067,Petrol,Automatic,41.2,1.4,196.37
Volkswagen,Tiguan,2017,10006.59,85549,Petrol,Automatic,31.5,1.4,46.05
Volkswagen,Golf,2022,23772.59,25667,Diesel,Automatic,40.7,1.4,26.18
Hyundai,Verna,2016,4508.27,125917,Diesel,Manual,27.3,1.0,193.97
Volkswagen,Tiguan,2017,12031.55,121286,Hybrid,Automatic,21.3,1.2,175.78
Volkswagen,Passat,2021,15650.0,57371,Petrol,Manual,29.8,1.5,96.04
Hyundai,Elantra,2021,7341.94,38470,Hybrid,Automatic,33.7,1.4,37.52
Volkswagen,Taigun,2015,9772.32,131177,Petrol,Manual,37.4,1.2,72.39
Audi,A4,2018,22708.66,103557,Diesel,Automatic,37.0,1.2,197.93
Toyota,Innova,2017,12606.17,138191,Petrol,Manual,44.5,2.0,137.02
Toyota,Camry,2021,12679.27,41899,Petrol,Automatic,24.3,4.0,154.14
Ford,Fiesta,2022,30473.48,25504,Diesel,Manual,23.0,1.5,34.87
Ford,Endeavour,2018,6004.16,94357,Petrol,Automatic,39.9,1.5,52.6
Ford,EcoSport,2019,13119.34,53174,Hybrid,Automatic,24.6,1.0,166.32
Toyota,Land Cruiser,2023,32925.55,10639,Hybrid,Automatic,40.5,4.0,137.31
Volkswagen,Golf,2016,5674.52,94395,Diesel,Automatic,23.1,1.2,43.19
Ford,Focus,2016,9296.12,82800,Electric,Automatic,118.2,0.0,0.0
Audi,Q7,2015,8932.73,175121,Hybrid,Automatic,27.3,1.2,116.14
Skoda,Slavia,2020,17571.88,54084,Diesel,Manual,22.5,1.2,167.56
BMW,5 Series,2017,15380.69,137019,Diesel,Automatic,25.4,1.2,84.63
Ford,Endeavour,2021,10063.28,41453,Hybrid,Automatic,22.1,1.5,65.75
Ford,Focus,2023,18411.0,12693,Diesel,Automatic,37.9,3.0,121.46
Volkswagen,Taigun,2024,21202.5,3960,Petrol,Semi-Automatic,26.2,2.0,68.62
BMW,M4,2021,21022.42,40884,Petrol,Automatic,26.8,1.2,176.39
Hyundai,i20,2016,5228.51,110290,Petrol,Semi-Automatic,24.4,1.4,151.1
Skoda,Slavia,2016,8748.68,149231,Diesel,Automatic,42.4,4.0,50.73
Toyota,Camry,2020,21180.91,71549,Diesel,Automatic,30.1,1.4,126.62
BMW,M4,2017,18716.73,109729,Petrol,Automatic,43.0,1.4,135.05
Ford,Focus,2024,27314.74,1834,Petrol,Manual,43.8,3.0,113.71
Volkswagen,Golf,2019,13867.81,65283,Diesel,Automatic,35.9,1.2,33.8
BMW,5 Series,2024,34470.78,2514,Hybrid,Automatic,44.1,2.0,96.32
Ford,Focus,2022,22428.17,33535,Diesel,Manual,20.3,4.0,54.23
Ford,Fiesta,2021,23262.59,37326,Diesel,Semi-Automatic,40.6,2.0,178.46
Ford,Endeavour,2015,8409.65,150706,Hybrid,Automatic,25.6,4.0,33.52
Audi,R8,2020,39894.04,55163,Petrol,Automatic,22.8,1.2,184.53
Volkswagen,Taigun,2016,6436.76,101180,Petrol,Automatic,29.8,3.0,186.15
Skoda,Octavia,2022,32285.12,21149,Petrol,Automatic,27.5,1.4,39.29
Ford,Focus,2021,14488.41,44761,Petrol,Automatic,23.8,1.5,42.29
BMW,5 Series,2019,17943.59,64964,Petrol,Automatic,24.6,1.0,166.08
Toyota,Innova,2017,6457.99,70406,Hybrid,Automatic,22.8,1.2,71.28
Toyota,Innova,2020,20449.35,47959,Petrol,Automatic,26.6,2.0,95.8
Toyota,Camry,2020,20690.79,55995,Diesel,Automatic,40.6,1.0,43.66
Volkswagen,Polo,2017,6304.55,123716,Petrol,Automatic,28.6,3.0,195.76
BMW,X5,2022,32041.56,35217,Petrol,Automatic,23.8,1.2,112.02
Hyundai,i20,2019,12590.17,91030,Petrol,Automatic,40.2,2.0,146.21
Skoda,Superb,2018,17195.47,98068,Petrol,Manual,21.0,1.2,198.27
Toyota,Corolla,2024,22518.8,2672,Diesel,Semi-Automatic,25.5,1.0,96.69
Skoda,Slavia,2015,5330.7,115250,Petrol,Automatic,28.0,1.0,28.56
BMW,3 Series,2020,21074.43,76339,Petrol,Automatic,24.6,1.4,190.7
Hyundai,Tucson,2016,2936.52,124141,Hybrid,Manual,38.5,4.0,85.05
Skoda,Kodiaq,2018,12259.72,83042,Hybrid,Manual,38.6,2.0,41.66
Ford,Focus,2018,14790.03,64492,Diesel,Manual,38.1,1.2,198.14
Skoda,Superb,2015,4291.14,154044,Hybrid,Automatic,41.2,1.4,120.86
Hyundai,Elantra,2016,7024.09,113520,Hybrid,Automatic,20.5,3.0,127.85
Audi,Q5,2015,16434.83,177522,Petrol,Automatic,40.4,2.0,109.1
Volkswagen,Taigun,2016,5713.24,110732,Diesel,Automatic,26.8,1.2,53.13
Skoda,Superb,2024,38624.11,2331,Diesel,Automatic,27.6,3.0,59.66
Hyundai,Verna,2016,3325.04,99057,Petrol,Manual,42.1,1.4,186.9
Volkswagen,Polo,2018,15875.75,66971,Diesel,Automatic,44.3,3.0,78.42
Skoda,Kodiaq,2017,8930.59,92724,Petrol,Automatic,40.6,1.4,59.47
Audi,Q5,2015,14433.17,160036,Diesel,Automatic,22.7,1.5,154.24
Ford,Mustang,2024,33524.14,1417,Diesel,Automatic,38.8,1.2,48.02
Ford,EcoSport,2020,10110.41,59838,Petrol,Automatic,24.4,3.0,122.54
Audi,Q5,2015,11352.57,163574,Diesel,Automatic,24.7,1.5,45.83
Audi,Q7,2021,21616.71,51802,Hybrid,Automatic,35.1,1.0,88.02
BMW,3 Series,2015,8937.33,114089,Hybrid,Automatic,35.0,1.0,162.63
Volkswagen,Polo,2023,30502.52,17074,Petrol,Automatic,34.1,1.2,99.98
Hyundai,Tucson,2022,8617.64,33840,Diesel,Manual,40.6,1.4,38.51
BMW,M4,2021,24656.72,30720,Petrol,Automatic,23.7,1.2,137.97
Ford,EcoSport,2016,8903.67,97961,Electric,Automatic,103.8,0.0,0.0
BMW,X3,2016,20802.56,94245,Diesel,Automatic,35.0,1.2,142.3
Ford,Mustang,2024,38328.31,4589,Diesel,Semi-Automatic,40.3,1.0,148.04
Volkswagen,Polo,2017,11420.25,80344,Petrol,Automatic,44.4,1.0,166.64
Skoda,Slavia,2019,8277.59,56376,Diesel,Manual,32.4,1.5,106.63
Skoda,Kodiaq,2017,12908.69,87213,Petrol,Automatic,33.3,4.0,115.85
Audi,Q7,2016,15838.56,126230,Diesel,Automatic,38.7,1.2,146.56
Hyundai,i20,2018,10180.32,93502,Electric,Automatic,103.0,0.0,0.0
Hyundai,Creta,2019,9094.03,77575,Hybrid,Automatic,25.3,3.0,60.43
Audi,A3,2017,14183.38,137543,Petrol,Automatic,37.5,1.0,139.29
Toyota,Land Cruiser,2017,4961.54,75529,Petrol,Automatic,40.3,1.2,46.95
Toyota,Camry,2023,29337.84,14115,Petrol,Automatic,37.4,1.2,71.62
BMW,3 Series,2024,67601.17,4180,Diesel,Automatic,41.9,4.0,119.75
Hyundai,Verna,2023,12955.28,19314,Petrol,Manual,29.4,3.0,191.19
Audi,Q7,2024,32093.27,4882,Diesel,Automatic,21.9,1.5,144.64
Hyundai,Elantra,2021,8661.1,49399,Petrol,Manual,21.9,4.0,128.57
Hyundai,i20,2018,5949.23,63919,Diesel,Automatic,27.7,3.0,119.3
BMW,5 Series,2019,15410.92,52243,Electric,Automatic,124.2,0.0,0.0
Hyundai,i20,2019,4382.93,64120,Petrol,Manual,38.8,1.2,150.62
Ford,Fiesta,2020,14894.4,44040,Hybrid,Manual,34.7,2.0,88.78
Volkswagen,Polo,2019,9122.68,53937,Diesel,Semi-Automatic,25.8,3.0,58.82
Ford,Focus,2017,14367.31,139459,Diesel,Automatic,39.2,1.2,100.55
Hyundai,Tucson,2020,12761.67,41600,Diesel,Automatic,26.0,2.0,199.46
BMW,5 Series,2024,61359.07,798,Hybrid,Automatic,33.7,4.0,194.41
BMW,X5,2016,13421.94,103648,Petrol,Automatic,34.4,1.0,83.61
Audi,Q7,2019,38556.48,88157,Petrol,Automatic,43.1,2.0,189.17
Toyota,Corolla,2020,20860.6,74280,Hybrid,Manual,29.2,1.4,172.07
Hyundai,i20,2021,11769.41,56266,Diesel,Automatic,36.1,1.2,153.39
Ford,Endeavour,2015,4189.19,123823,Diesel,Automatic,25.6,3.0,177.35
BMW,X3,2022,38870.24,36365,Petrol,Automatic,24.5,1.5,39.5
Volkswagen,Passat,2018,9311.74,80545,Diesel,Manual,38.5,1.5,40.58
BMW,M4,2017,23061.46,84942,Diesel,Automatic,44.7,1.0,159.36
Volkswagen,Tiguan,2021,25679.32,36344,Petrol,Automatic,30.6,1.2,65.37
BMW,5 Series,2016,10910.47,149902,Petrol,Automatic,30.5,1.4,58.54
Audi,A3,2016,20076.95,157069,Petrol,Automatic,25.0,1.5,189.55
Toyota,Land Cruiser,2017,13916.83,133881,Diesel,Automatic,34.0,1.2,180.88
BMW,M4,2024,38452.5,3698,Hybrid,Automatic,38.3,1.5,22.55
Audi,Q7,2020,20376.06,56255,Diesel,Automatic,20.1,4.0,101.1
Volkswagen,Golf,2022,25072.98,20729,Diesel,Manual,37.4,2.0,159.39
Toyota,Camry,2020,10428.47,67185,Electric,Automatic,118.2,0.0,0.0
Hyundai,Verna,2016,6730.71,116479,Petrol,Manual,33.6,4.0,114.17
Hyundai,i20,2017,5991.54,108692,Petrol,Automatic,27.1,3.0,138.73
Toyota,Fortuner,2024,46638.76,529,Hybrid,Manual,20.4,1.0,187.85
Toyota,Land Cruiser,2023,15121.44,15812,Petrol,Manual,30.5,1.5,60.12
Skoda,Slavia,2016,5651.41,89955,Electric,Automatic,120.6,0.0,0.0
Ford,EcoSport,2015,10567.76,135680,Petrol,Automatic,27.7,1.5,182.48
Ford,Focus,2015,9562.95,91397,Petrol,Manual,40.4,2.0,167.61
Hyundai,Tucson,2017,10277.6,86928,Electric,Automatic,132.2,0.0,0.0
BMW,M4,2021,22990.86,59320,Petrol,Automatic,42.6,1.5,113.11
Audi,A3,2017,18165.28,124899,Hybrid,Automatic,35.7,2.0,66.84
Audi,Q5,2018,11832.76,60692,Diesel,Automatic,23.8,2.0,131.26
BMW,M4,2021,20099.53,59502,Diesel,Automatic,39.4,3.0,53.58
Audi,Q5,2018,20320.23,106801,Diesel,Automatic,39.3,1.4,138.67
BMW,5 Series,2015,14569.18,99307,Petrol,Automatic,34.9,1.4,39.27
Hyundai,Creta,2016,3363.5,153017,Petrol,Manual,39.9,1.5,94.47
Ford,Fiesta,2018,13098.93,78815,Hybrid,Automatic,24.5,1.2,21.83
Ford,Endeavour,2024,37532.6,1799,Electric,Automatic,100.3,0.0,0.0
Ford,Mustang,2016,5130.91,81843,Diesel,Manual,41.7,1.2,40.66
BMW,X3,2017,13738.33,135789,Petrol,Automatic,32.0,1.4,191.58
Ford,Endeavour,2019,13668.02,71803,Hybrid,Semi-Automatic,26.3,4.0,55.62
Ford,Mustang,2021,11758.82,47627,Petrol,Manual,38.1,1.5,98.02
Toyota,Land Cruiser,2019,17946.63,80364,Petrol,Automatic,29.3,1.0,133.89
Toyota,Camry,2015,9631.23,126882,Diesel,Automatic,43.8,1.5,115.49
BMW,3 Series,2017,22266.34,83014,Petrol,Automatic,25.4,1.2,86.9
Volkswagen,Tiguan,2016,4322.99,137344,Petrol,Automatic,28.0,1.0,61.88
Toyota,Fortuner,2024,20157.96,3609,Hybrid,Automatic,36.8,3.0,123.31
Toyota,Innova,2020,19326.32,41986,Petrol,Manual,26.9,1.5,41.47
Audi,R8,2020,29451.01,40850,Petrol,Automatic,39.6,1.0,123.64
Toyota,Fortuner,2017,12652.19,132708,Hybrid,Manual,36.1,1.0,32.5
Volkswagen,Passat,2019,10835.01,70017,Diesel,Manual,35.3,3.0,90.8
Toyota,Innova,2016,11940.39,88219,Petrol,Automatic,23.5,4.0,198.84
Ford,EcoSport,2018,7114.49,114136,Petrol,Semi-Automatic,44.7,4.0,188.14
BMW,X3,2015,8967.86,96753,Petrol,Automatic,35.3,1.4,166.25
Ford,Focus,2017,9627.79,92353,Petrol,Automatic,41.3,3.0,181.19
Toyota,Corolla,2023,26611.69,16612,Electric,Automatic,136.5,0.0,0.0
BMW,X3,2019,28238.06,91777,Petrol,Automatic,36.2,3.0,174.06
BMW,3 Series,2022,21529.56,24322,Hybrid,Automatic,24.7,1.2,38.82
Volkswagen,Taigun,2023,24890.02,19443,Diesel,Automatic,41.2,1.2,39.02
Audi,Q5,2021,51922.58,45403,Diesel,Automatic,24.7,1.2,70.01
Ford,Mustang,2024,32021.21,3750,Petrol,Automatic,24.7,3.0,25.15
Skoda,Slavia,2020,13012.8,43362,Petrol,Manual,32.6,1.0,111.43
Toyota,Fortuner,2020,9640.13,69280,Petrol,Manual,30.1,2.0,126.93
Skoda,Slavia,2023,24668.45,16463,Electric,Automatic,102.7,0.0,0.0
Skoda,Kodiaq,2018,5891.41,73587,Diesel,Automatic,29.8,3.0,38.23
Volkswagen,Tiguan,2022,16170.27,26952,Petrol,Automatic,38.3,2.0,36.96
Ford,Endeavour,2022,28751.07,33758,Petrol,Automatic,24.2,1.5,79.79
Audi,A3,2022,33575.01,39487,Hybrid,Automatic,24.3,1.0,156.85
Skoda,Kodiaq,2022,23422.57,24950,Petrol,Automatic,34.2,4.0,198.27
Audi,R8,2023,30305.43,10939,Petrol,Automatic,38.4,3.0,101.47
Hyundai,Verna,2019,9815.3,72937,Hybrid,Manual,28.3,3.0,113.21
Volkswagen,Taigun,2022,13775.1,34564,Petrol,Semi-Automatic,41.4,1.2,138.69
Hyundai,Elantra,2015,3614.37,177596,Petrol,Automatic,24.8,3.0,191.87
BMW,X3,2023,63070.43,19583,Diesel,Automatic,26.6,1.4,142.23
Toyota,Land Cruiser,2021,25435.64,35717,Diesel,Automatic,40.9,4.0,42.13
Toyota,Land Cruiser,2020,13505.9,59957,Diesel,Automatic,23.8,2.0,194.0
Skoda,Superb,2019,11991.96,64736,Petrol,Manual,40.6,1.5,42.22
Hyundai,i20,2021,11167.31,31497,Petrol,Automatic,39.6,4.0,110.36
Skoda,Superb,2016,9208.72,138644,Petrol,Semi-Automatic,27.3,1.4,25.78
Audi,Q7,2021,33158.9,56791,Hybrid,Automatic,34.9,1.5,51.19
Ford,Mustang,2024,20201.78,2139,Petrol,Manual,27.4,1.5,186.88
Skoda,Superb,2021,25204.29,32881,Diesel,Automatic,32.6,1.4,143.33
Toyota,Fortuner,2021,19450.97,43838,Hybrid,Manual,39.2,1.2,35.92
Skoda,Kodiaq,2018,11913.09,97253,Hybrid,Automatic,21.3,1.2,172.12
Toyota,Corolla,2022,30464.62,29204,Petrol,Manual,40.7,1.4,136.98
Skoda,Octavia,2019,14722.9,93215,Petrol,Automatic,32.8,3.0,149.05
Audi,R8,2017,20367.05,79548,Hybrid,Automatic,36.0,3.0,47.86
Hyundai,i20,2022,15265.0,21342,Petrol,Automatic,33.0,1.0,64.5
Toyota,Corolla,2023,21928.46,11218,Petrol,Semi-Automatic,40.5,2.0,171.51
Hyundai,Verna,2022,20102.33,28647,Diesel,Manual,40.5,1.2,138.34
Skoda,Superb,2022,20356.7,22000,Diesel,Manual,26.9,4.0,89.45
BMW,X5,2021,40348.96,38502,Petrol,Automatic,29.7,1.0,124.5
Ford,Endeavour,2022,12719.07,39255,Petrol,Automatic,26.9,1.4,196.72
Skoda,Superb,2020,22074.27,60521,Petrol,Manual,36.4,1.5,121.37
Ford,Focus,2019,17646.34,96173,Petrol,Automatic,32.1,2.0,193.26
Ford,Focus,2024,36305.62,1370,Diesel,Automatic,34.5,4.0,125.21
Toyota,Corolla,2015,3850.76,110853,Diesel,Automatic,37.0,1.2,78.26
Volkswagen,Golf,2016,10696.84,151397,Diesel,Automatic,21.6,1.0,130.14
BMW,3 Series,2022,50300.47,36813,Hybrid,Automatic,28.0,1.5,145.77
Audi,R8,2023,32306.24,14375,Petrol,Automatic,25.0,4.0,49.18
Skoda,Superb,2016,9074.35,133492,Petrol,Automatic,42.3,1.5,84.72
Skoda,Octavia,2020,11225.62,76439,Diesel,Automatic,40.8,1.5,122.67
Skoda,Kodiaq,2020,17721.21,45514,Petrol,Automatic,29.4,1.0,32.76
Audi,R8,2019,15545.94,52573,Diesel,Automatic,20.6,1.4,167.84
Volkswagen,Tiguan,2021,20253.21,56144,Electric,Automatic,128.8,0.0,0.0
Skoda,Kodiaq,2021,20799.0,56754,Diesel,Semi-Automatic,44.6,1.0,137.58
Hyundai,Elantra,2019,6698.84,52969,Petrol,Automatic,28.2,1.0,156.32
Audi,Q7,2016,19396.07,128800,Hybrid,Automatic,40.2,1.0,82.25
Toyota,Land Cruiser,2024,46204.34,734,Diesel,Manual,32.4,1.4,60.54
Toyota,Innova,2019,18343.16,61387,Hybrid,Manual,39.5,2.0,55.31
Volkswagen,Passat,2015,6658.21,158911,Diesel,Automatic,30.7,1.5,44.8
BMW,M4,2020,24062.58,76722,Petrol,Automatic,22.3,1.5,21.81
Ford,Endeavour,2024,17361.58,1324,Petrol,Manual,31.0,1.4,70.87
Hyundai,Verna,2018,10463.22,83869,Diesel,Automatic,21.9,1.2,188.91
Toyota,Fortuner,2018,10254.47,82016,Diesel,Automatic,26.1,1.4,180.74
Ford,Endeavour,2023,14938.92,14108,Electric,Automatic,103.9,0.0,0.0
Volkswagen,Taigun,2018,9203.95,67364,Diesel,Automatic,20.9,1.5,62.32
Ford,EcoSport,2016,4548.04,101623,Diesel,Manual,44.1,4.0,30.75
Skoda,Slavia,2022,10981.96,28880,Petrol,Manual,36.5,3.0,115.85
Hyundai,i20,2023,23348.46,19100,Diesel,Manual,40.7,4.0,67.26
Skoda,Superb,2015,6228.08,129066,Petrol,Automatic,38.4,1.0,30.28
Skoda,Slavia,2019,19667.42,73175,Diesel,Automatic,33.0,1.5,49.26
Toyota,Camry,2017,12944.62,117781,Petrol,Semi-Automatic,39.3,2.0,73.25
Toyota,Corolla,2024,22153.78,3299,Diesel,Manual,27.7,4.0,138.94
Hyundai,Creta,2022,13744.18,29328,Electric,Automatic,142.2,0.0,0.0
Toyota,Corolla,2024,41235.08,1638,Petrol,Manual,39.1,4.0,69.71
Toyota,Camry,2018,11886.03,97076,Petrol,Manual,21.0,4.0,143.2
Toyota,Land Cruiser,2020,8856.07,42432,Diesel,Manual,26.4,4.0,142.11
Volkswagen,Tiguan,2023,31692.08,13497,Petrol,Automatic,32.8,1.4,62.66
Skoda,Kodiaq,2021,10372.4,38492,Petrol,Automatic,29.0,3.0,195.52
Hyundai,Elantra,2019,9279.62,52230,Hybrid,Semi-Automatic,20.6,4.0,129.63
Hyundai,Verna,2023,22747.73,19399,Petrol,Automatic,36.4,4.0,47.01
Ford,Fiesta,2016,13097.91,125232,Electric,Automatic,136.7,0.0,0.0
Ford,Fiesta,2023,33813.35,16591,Diesel,Manual,24.9,1.2,123.54
Hyundai,Creta,2020,7347.98,78895,Diesel,Automatic,43.9,1.0,93.79
Hyundai,Verna,2023,9529.66,14841,Petrol,Automatic,25.7,1.2,169.01
Skoda,Superb,2021,22349.16,48166,Diesel,Manual,22.9,2.0,93.53
Audi,R8,2022,46956.86,37997,Hybrid,Automatic,20.4,1.4,41.74
Volkswagen,Taigun,2022,24925.98,20681,Petrol,Automatic,44.7,4.0,43.83
Skoda,Slavia,2021,15433.14,46708,Diesel,Manual,42.4,2.0,181.7
Skoda,Octavia,2015,4322.19,175492,Hybrid,Automatic,38.5,4.0,98.42
Toyota,Camry,2017,11979.58,127407,Diesel,Manual,20.2,3.0,126.75
Ford,EcoSport,2021,14138.22,51675,Petrol,Automatic,25.8,1.0,108.79
Skoda,Slavia,2019,10555.02,58920,Petrol,Automatic,38.4,1.2,198.06
Toyota,Land Cruiser,2019,14641.86,54973,Petrol,Manual,26.8,1.2,99.01
Hyundai,Tucson,2024,27197.85,790,Petrol,Automatic,38.9,1.0,24.92
Skoda,Superb,2015,7310.49,123258,Petrol,Semi-Automatic,30.7,1.2,100.07
Volkswagen,Passat,2019,19691.51,95959,Petrol,Automatic,32.3,1.2,35.64
Hyundai,i20,2020,14275.11,48897,Petrol,Manual,28.4,3.0,101.62
Skoda,Octavia,2020,19790.18,44017,Diesel,Automatic,24.8,4.0,120.47
Ford,Fiesta,2015,5272.49,168490,Petrol,Manual,31.8,1.2,107.21
Ford,EcoSport,2019,8636.57,54435,Diesel,Automatic,25.4,1.5,98.18
Skoda,Superb,2017,5376.75,112936,Diesel,Manual,28.7,1.2,115.48
Hyundai,Creta,2019,10344.47,81501,Diesel,Automatic,27.4,4.0,59.41
Volkswagen,Tiguan,2021,26125.82,49872,Petrol,Automatic,28.0,3.0,40.44
Toyota,Camry,2022,31161.8,32021,Diesel,Manual,26.7,4.0,58.72
Volkswagen,Passat,2015,7120.1,150749,Petrol,Automatic,30.6,1.0,66.93
Hyundai,Elantra,2018,6738.48,78510,Petrol,Automatic,24.2,3.0,57.12
BMW,M4,2024,47460.02,3638,Hybrid,Automatic,22.3,1.4,146.85
Volkswagen,Taigun,2016,9476.45,108967,Petrol,Manual,33.4,1.2,174.75
Hyundai,Creta,2020,8187.24,69333,Hybrid,Manual,20.5,1.0,189.26
Skoda,Slavia,2022,11244.12,20484,Diesel,Automatic,20.8,4.0,154.98
Volkswagen,Passat,2021,12188.36,38099,Petrol,Manual,38.1,1.5,157.23
BMW,3 Series,2023,47641.48,17358,Diesel,Automatic,24.9,1.4,129.02
Volkswagen,Tiguan,2021,16873.66,38221,Petrol,Manual,36.4,1.4,104.85
Toyota,Corolla,2018,16799.54,89000,Hybrid,Automatic,26.1,1.5,23.1
Ford,EcoSport,2020,20622.75,58090,Diesel,Manual,39.3,1.5,100.48
Skoda,Octavia,2019,11766.98,98790,Petrol,Manual,41.6,1.2,108.17
BMW,5 Series,2021,37155.93,51690,Diesel,Automatic,25.8,1.4,158.13
Toyota,Fortuner,2020,18958.76,67559,Diesel,Automatic,26.7,2.0,57.66
Volkswagen,Passat,2023,27838.19,12357,Petrol,Automatic,33.9,3.0,153.14
BMW,3 Series,2021,38903.36,52706,Petrol,Automatic,38.7,1.5,49.92
Volkswagen,Polo,2015,9617.91,146354,Diesel,Manual,41.9,1.0,95.27
Hyundai,i20,2021,19179.62,56406,Petrol,Manual,42.2,1.2,121.49
Audi,Q5,2023,57921.06,19519,Petrol,Automatic,35.1,1.2,104.98
Hyundai,Creta,2017,7000.55,70687,Petrol,Manual,21.7,1.4,195.86
Ford,Focus,2018,13611.96,79862,Petrol,Automatic,23.9,2.0,83.08
Audi,Q5,2015,16896.42,163867,Hybrid,Automatic,34.6,2.0,75.04
Volkswagen,Passat,2019,14524.64,60129,Diesel,Manual,25.4,2.0,52.1
BMW,5 Series,2023,53146.05,13301,Diesel,Automatic,34.8,4.0,69.9
Ford,Endeavour,2022,13845.01,24636,Petrol,Semi-Automatic,35.4,1.5,45.8
Volkswagen,Polo,2020,9898.51,45478,Hybrid,Automatic,31.8,4.0,74.46
BMW,5 Series,2023,44525.58,17062,Petrol,Automatic,41.0,1.0,77.05
Skoda,Superb,2017,14829.27,119794,Hybrid,Automatic,32.3,3.0,162.01
BMW,M4,2021,35971.16,55984,Hybrid,Automatic,39.3,1.5,82.28
Audi,R8,2023,68020.51,11909,Petrol,Automatic,43.3,1.2,199.18
Toyota,Fortuner,2023,18025.11,13284,Hybrid,Semi-Automatic,32.6,1.4,22.34
BMW,X3,2022,39638.97,34085,Petrol,Automatic,21.4,1.0,122.99
Volkswagen,Passat,2024,33901.31,4387,Diesel,Automatic,21.0,3.0,25.19
Audi,A4,2017,11676.16,78359,Petrol,Automatic,37.8,4.0,76.56
Skoda,Kodiaq,2018,13690.1,79959,Diesel,Automatic,42.4,2.0,50.46
Ford,Mustang,2023,13542.72,14163,Diesel,Manual,24.8,1.2,157.03
Ford,Mustang,2016,4997.32,128682,Diesel,Automatic,35.9,1.0,171.58
Hyundai,Tucson,2023,14003.07,15681,Diesel,Automatic,31.6,1.0,40.93
Audi,A3,2017,15078.94,71407,Petrol,Automatic,20.3,1.5,134.83
BMW,5 Series,2019,32794.68,95073,Petrol,Automatic,38.9,1.0,43.89
Toyota,Fortuner,2017,7588.98,98978,Hybrid,Manual,25.0,1.4,196.27
Ford,EcoSport,2019,7657.25,68180,Diesel,Automatic,40.7,1.2,143.67
BMW,M4,2021,23523.73,59812,Petrol,Automatic,36.2,1.4,142.76
Audi,Q5,2023,51323.42,12689,Diesel,Automatic,25.3,1.4,59.29
BMW,3 Series,2023,50125.18,11398,Diesel,Automatic,29.3,2.0,88.02
BMW,X3,2016,17988.3,80631,Petrol,Automatic,28.4,1.0,136.62
Audi,Q5,2019,17080.03,87602,Petrol,Automatic,35.4,3.0,126.84
Toyota,Innova,2022,27485.6,27464,Petrol,Automatic,27.5,1.2,194.74
Volkswagen,Taigun,2016,7941.49,156318,Petrol,Manual,32.8,2.0,186.02
Ford,Endeavour,2018,16646.22,68372,Diesel,Automatic,21.3,4.0,36.27
Volkswagen,Golf,2020,14008.75,40033,Petrol,Automatic,27.5,1.2,34.47
Volkswagen,Golf,2021,10317.98,50541,Hybrid,Manual,31.9,1.5,82.05
Skoda,Slavia,2018,16523.99,109880,Diesel,Automatic,22.4,4.0,43.13
Audi,Q7,2020,41599.51,69214,Petrol,Automatic,29.8,1.5,32.9
Ford,Endeavour,2015,5123.54,159105,Petrol,Manual,40.6,4.0,129.9
Toyota,Corolla,2018,6769.0,72673,Petrol,Manual,36.4,1.4,96.63
Hyundai,Elantra,2022,8436.95,28434,Petrol,Automatic,40.9,1.0,103.69
Hyundai,i20,2021,14448.92,39570,Diesel,Manual,31.4,3.0,107.51
Toyota,Innova,2015,5310.02,147070,Diesel,Automatic,31.3,1.5,87.11
Ford,Mustang,2023,34615.34,11788,Petrol,Automatic,41.8,1.0,34.4
Hyundai,Verna,2019,6578.03,86381,Petrol,Manual,27.0,1.5,41.88
Toyota,Fortuner,2015,10012.46,112709,Petrol,Manual,40.5,1.2,117.69
Hyundai,Tucson,2021,6133.48,49079,Diesel,Manual,20.9,1.2,152.96
Audi,A3,2023,30858.26,16329,Petrol,Automatic,26.9,3.0,194.93
Skoda,Superb,2023,24756.7,13265,Petrol,Automatic,38.1,1.0,166.25
Toyota,Land Cruiser,2016,7035.85,104158,Petrol,Manual,38.7,3.0,149.89
BMW,X5,2016,19256.98,159593,Diesel,Automatic,33.5,3.0,162.87
Volkswagen,Polo,2020,15851.25,77419,Petrol,Automatic,24.6,1.0,110.28
Skoda,Slavia,2017,10816.03,98502,Petrol,Automatic,23.2,2.0,68.07
Volkswagen,Tiguan,2016,5328.27,105968,Petrol,Manual,37.8,2.0,168.86
Toyota,Land Cruiser,2020,16229.85,62306,Petrol,Manual,40.6,4.0,47.32
Ford,EcoSport,2018,10908.47,83403,Petrol,Automatic,34.3,1.5,34.15
Skoda,Kodiaq,2016,6344.93,109535,Petrol,Manual,36.9,2.0,25.32
Skoda,Superb,2024,25198.93,214,Electric,Automatic,124.5,0.0,0.0
Toyota,Land Cruiser,2017,9206.46,78644,Petrol,Manual,22.8,4.0,72.08
Audi,Q7,2023,45016.02,14181,Diesel,Automatic,28.0,1.0,85.37
Ford,Mustang,2023,25838.98,18590,Petrol,Automatic,40.7,4.0,100.9
Audi,Q7,2019,14268.27,88146,Diesel,Automatic,37.1,2.0,37.7
Ford,EcoSport,2021,17228.6,48566,Petrol,Automatic,45.0,3.0,127.92
Toyota,Corolla,2020,16220.49,65019,Diesel,Semi-Automatic,20.6,4.0,128.24
Ford,EcoSport,2023,24205.77,19132,Petrol,Automatic,26.0,3.0,104.99
Audi,Q5,2017,15442.65,84490,Petrol,Automatic,26.1,1.2,128.58
Volkswagen,Golf,2022,19993.66,32080,Petrol,Semi-Automatic,24.0,1.0,103.2
BMW,3 Series,2021,49512.56,55865,Petrol,Automatic,30.4,3.0,66.81
Skoda,Octavia,2024,34647.86,2455,Diesel,Manual,30.0,4.0,168.02
BMW,X3,2021,40522.07,49488,Petrol,Automatic,23.1,1.4,46.28
Volkswagen,Taigun,2016,9722.67,132522,Petrol,Manual,32.1,1.4,67.61
Ford,Fiesta,2022,30276.47,24894,Petrol,Manual,31.1,3.0,161.73
Hyundai,Verna,2019,10219.67,57401,Petrol,Manual,29.3,1.4,85.29
Hyundai,Creta,2024,22565.79,1544,Diesel,Automatic,23.7,1.5,72.62
Hyundai,Creta,2015,6362.09,103352,Petrol,Manual,32.7,2.0,176.64
Toyota,Innova,2024,45968.32,2976,Diesel,Automatic,29.4,3.0,186.69
Audi,R8,2022,30235.68,20284,Hybrid,Automatic,28.6,1.2,75.68
Audi,Q5,2024,72886.96,1846,Petrol,Automatic,42.8,4.0,183.13
Ford,Endeavour,2018,13662.28,61970,Diesel,Semi-Automatic,32.7,2.0,68.87
Volkswagen,Taigun,2016,10952.93,125336,Petrol,Manual,38.5,3.0,144.15
Volkswagen,Golf,2018,13341.86,62413,Diesel,Automatic,22.3,4.0,54.2
BMW,5 Series,2023,36124.63,12439,Diesel,Automatic,31.9,4.0,37.69
BMW,X3,2016,10018.46,86670,Petrol,Automatic,33.6,1.5,58.7
Hyundai,Verna,2015,5372.79,100037,Hybrid,Automatic,24.9,2.0,165.04
Volkswagen,Passat,2015,5126.54,114366,Diesel,Manual,32.1,3.0,71.08
Hyundai,Tucson,2023,12161.11,15612,Petrol,Automatic,44.4,1.5,190.23
BMW,X3,2023,42431.24,10655,Petrol,Automatic,27.6,1.5,186.55
Hyundai,Verna,2017,4099.0,86226,Petrol,Manual,39.2,3.0,104.94
Hyundai,Verna,2018,7520.53,69383,Diesel,Automatic,41.3,1.2,129.82
Hyundai,Verna,2022,17630.51,35595,Petrol,Semi-Automatic,31.8,1.4,174.12
Hyundai,Creta,2019,7182.4,87260,Petrol,Automatic,29.8,4.0,95.08
Toyota,Corolla,2021,16687.23,59249,Diesel,Manual,37.6,3.0,57.55
Hyundai,Tucson,2020,5388.0,55296,Diesel,Automatic,39.9,1.5,131.16
Volkswagen,Tiguan,2016,4376.86,137827,Hybrid,Automatic,43.8,4.0,190.41
Ford,EcoSport,2022,17835.72,31722,Petrol,Manual,28.6,1.5,116.82
Hyundai,i20,2022,9623.37,26490,Diesel,Automatic,23.8,1.4,47.08
Skoda,Superb,2023,14230.11,15727,Diesel,Manual,33.3,1.0,72.46
Audi,A3,2020,39515.39,70908,Diesel,Automatic,25.4,1.2,77.83
Toyota,Fortuner,2020,11978.34,50361,Diesel,Semi-Automatic,23.5,1.5,135.6
Toyota,Innova,2015,8439.4,179067,Petrol,Automatic,44.9,4.0,192.76
Volkswagen,Tiguan,2023,25674.75,16343,Diesel,Automatic,44.4,2.0,160.51
Audi,R8,2016,15893.24,132013,Petrol,Automatic,21.8,4.0,143.11
Hyundai,Elantra,2022,22061.12,23044,Petrol,Manual,34.4,4.0,101.73
Ford,EcoSport,2015,6005.54,146132,Petrol,Manual,28.1,4.0,47.09
Audi,R8,2020,30463.07,48013,Hybrid,Automatic,43.1,3.0,180.78
Volkswagen,Taigun,2017,6158.85,91593,Petrol,Automatic,43.6,1.2,27.1
Skoda,Kodiaq,2016,6514.44,98408,Petrol,Manual,30.6,1.2,68.79
Volkswagen,Tiguan,2015,4781.65,129567,Hybrid,Manual,31.1,3.0,153.91
Audi,Q7,2015,11878.52,108506,Petrol,Automatic,40.4,1.2,36.71
Skoda,Octavia,2017,11167.57,104237,Diesel,Automatic,27.9,1.0,54.38
Volkswagen,Taigun,2020,15342.09,77795,Petrol,Manual,30.5,1.0,193.08
Hyundai,Tucson,2019,11704.34,92390,Petrol,Semi-Automatic,22.1,1.5,135.84
Toyota,Corolla,2019,17668.48,52268,Hybrid,Manual,20.2,1.2,113.35
Ford,EcoSport,2015,4135.19,167971,Diesel,Manual,30.4,1.2,48.35
Audi,R8,2017,22845.2,82713,Hybrid,Automatic,22.7,1.5,49.23
Audi,Q5,2021,40702.31,37955,Petrol,Automatic,39.6,1.5,79.68
BMW,5 Series,2021,19363.37,47955,Diesel,Automatic,24.0,1.2,22.69
BMW,X5,2016,9659.06,158669,Hybrid,Automatic,33.4,2.0,44.19
Volkswagen,Polo,2019,14033.35,62843,Petrol,Automatic,43.9,1.0,140.32
Toyota,Innova,2024,19715.97,4717,Petrol,Manual,22.4,2.0,92.69
BMW,5 Series,2018,16779.51,78066,Diesel,Automatic,31.6,2.0,126.34
Skoda,Kodiaq,2017,7763.17,80165,Diesel,Automatic,38.7,3.0,163.96
BMW,5 Series,2017,10112.01,128476,Petrol,Automatic,29.9,1.5,22.11
Toyota,Fortuner,2018,13580.45,94632,Petrol,Manual,35.5,1.0,118.26
Ford,Mustang,2023,35127.26,18925,Petrol,Automatic,32.2,3.0,118.8
BMW,X3,2023,38739.64,14265,Petrol,Automatic,33.6,1.5,37.03
Volkswagen,Polo,2016,8236.4,149864,Petrol,Automatic,44.6,4.0,34.93
Skoda,Superb,2021,26195.5,45327,Petrol,Automatic,39.4,3.0,55.76
Hyundai,Verna,2024,25920.7,330,Diesel,Automatic,37.3,1.2,199.49
Hyundai,Creta,2016,6606.51,148715,Petrol,Semi-Automatic,37.9,2.0,117.35
Toyota,Camry,2019,7992.24,70043,Petrol,Automatic,30.5,1.4,105.78
Audi,Q5,2015,8141.23,150130,Petrol,Automatic,38.3,1.0,126.92
BMW,X5,2017,12690.96,123521,Hybrid,Automatic,43.8,4.0,63.64
Audi,Q7,2021,34744.29,40512,Petrol,Automatic,43.7,1.5,45.28
BMW,M4,2017,11992.78,89282,Petrol,Automatic,35.9,2.0,113.71
BMW,M4,2022,29691.4,36444,Diesel,Automatic,35.3,4.0,47.66
Ford,Mustang,2019,17523.03,91898,Petrol,Automatic,30.6,3.0,50.32
Ford,EcoSport,2019,8879.94,99880,Diesel,Automatic,29.1,3.0,176.49
Toyota,Innova,2021,9445.82,53098,Hybrid,Automatic,42.6,1.4,135.25
Toyota,Fortuner,2020,8402.91,72239,Petrol,Automatic,34.8,1.0,139.81
Volkswagen,Passat,2023,28589.69,16066,Hybrid,Automatic,21.1,4.0,39.4
Volkswagen,Polo,2024,19513.39,2942,Diesel,Automatic,40.4,1.0,149.29
Hyundai,Elantra,2022,15580.45,38803,Hybrid,Automatic,39.4,1.0,140.43
Audi,R8,2017,10896.6,76916,Hybrid,Automatic,40.0,4.0,151.23
Hyundai,Tucson,2020,9727.59,51065,Diesel,Manual,37.5,4.0,134.27
Volkswagen,Golf,2018,12846.76,98897,Diesel,Automatic,39.5,1.5,50.97
Volkswagen,Polo,2020,13441.43,72206,Electric,Automatic,115.3,0.0,0.0
BMW,X5,2020,32778.91,70262,Petrol,Automatic,41.4,1.4,107.38
Volkswagen,Passat,2020,21455.02,52910,Petrol,Automatic,42.7,2.0,146.04
Hyundai,Verna,2023,11797.5,10759,Petrol,Automatic,42.9,4.0,139.37
Hyundai,Creta,2020,10560.2,76850,Petrol,Semi-Automatic,40.4,1.4,179.74
Skoda,Octavia,2020,23211.63,41630,Diesel,Automatic,26.8,4.0,109.01
Ford,Focus,2018,15373.36,108691,Petrol,Manual,44.1,1.5,174.36
Volkswagen,Passat,2021,21401.23,35767,Petrol,Automatic,30.0,1.5,123.58
Ford,Mustang,2020,19446.65,54809,Hybrid,Semi-Automatic,28.0,3.0,84.27
Audi,Q5,2018,26732.27,65797,Hybrid,Automatic,44.6,2.0,147.5
Hyundai,i20,2024,14114.97,4884,Hybrid,Manual,26.7,1.5,170.59
Skoda,Slavia,2022,21589.73,39915,Petrol,Automatic,36.3,1.5,181.25
Volkswagen,Golf,2016,8822.73,137509,Diesel,Semi-Automatic,38.2,1.5,148.45
Toyota,Camry,2021,13050.54,46151,Diesel,Manual,34.2,1.5,177.67
Audi,R8,2024,41212.59,3589,Petrol,Automatic,23.0,2.0,195.92
BMW,M4,2021,42751.02,37463,Diesel,Automatic,39.0,1.2,52.28
BMW,X5,2016,11664.76,112284,Diesel,Automatic,37.1,1.5,164.88
Ford,EcoSport,2017,12135.57,91783,Petrol,Automatic,26.3,1.4,36.33
Toyota,Camry,2018,9914.48,64894,Petrol,Manual,26.4,1.0,178.27
Skoda,Octavia,2020,8396.17,79405,Petrol,Manual,27.7,2.0,164.01
Skoda,Kodiaq,2016,11158.61,129669,Petrol,Manual,28.6,1.2,176.98
Skoda,Kodiaq,2024,20066.99,3882,Diesel,Automatic,31.1,2.0,131.97
Volkswagen,Polo,2019,17603.49,84151,Diesel,Manual,22.5,1.2,54.77
Skoda,Kodiaq,2022,31262.19,27776,Petrol,Manual,33.9,1.4,80.9
Audi,A4,2022,27933.62,27166,Hybrid,Automatic,43.0,3.0,165.96
Ford,Endeavour,2016,10116.32,132384,Hybrid,Automatic,37.6,4.0,113.9
Skoda,Superb,2019,10805.59,59902,Hybrid,Automatic,30.9,1.0,34.83
Toyota,Corolla,2020,16983.93,52235,Electric,Automatic,138.5,0.0,0.0
BMW,M4,2015,8376.76,170288,Diesel,Automatic,34.3,1.4,51.2
Ford,Fiesta,2023,14719.88,13849,Petrol,Automatic,40.6,1.5,143.15
Ford,Endeavour,2023,34465.31,16811,Petrol,Manual,31.4,1.2,53.43
Ford,Mustang,2016,9915.01,125691,Diesel,Manual,29.5,1.0,182.06
Hyundai,i20,2018,9473.22,79845,Petrol,Manual,25.7,1.5,185.17
BMW,5 Series,2017,19682.54,88072,Hybrid,Automatic,37.0,3.0,147.83
Hyundai,Creta,2019,7278.03,91177,Petrol,Automatic,24.7,1.4,160.26
Skoda,Octavia,2021,10515.27,33866,Diesel,Manual,22.9,4.0,48.61
Toyota,Corolla,2017,9309.13,121806,Electric,Automatic,134.8,0.0,0.0
Skoda,Kodiaq,2019,17182.71,88049,Petrol,Automatic,25.1,4.0,35.57
Toyota,Camry,2017,8883.24,103517,Petrol,Manual,29.7,3.0,35.05
Volkswagen,Polo,2018,10316.35,104300,Petrol,Automatic,36.6,1.2,110.65
Volkswagen,Golf,2020,7688.02,46108,Hybrid,Manual,24.4,3.0,103.17
BMW,X5,2021,22161.91,31909,Petrol,Automatic,24.9,1.5,138.44
BMW,X5,2016,20065.79,103024,Petrol,Automatic,33.7,1.0,77.16
Ford,Fiesta,2021,16946.13,51614,Diesel,Manual,21.0,3.0,182.27
Audi,A3,2021,16892.4,41625,Diesel,Automatic,41.4,1.0,157.19
Skoda,Octavia,2015,8638.77,174348,Diesel,Manual,35.4,3.0,100.94
Audi,Q7,2024,46583.43,2447,Hybrid,Automatic,31.4,1.2,178.3
Audi,Q5,2017,24494.8,88004,Petrol,Automatic,38.5,1.4,97.71
Audi,A3,2022,39272.22,37033,Electric,Automatic,106.3,0.0,0.0
Hyundai,Creta,2021,11127.74,52003,Petrol,Manual,29.1,1.5,78.68
Audi,R8,2018,16631.87,94103,Hybrid,Automatic,38.2,1.4,161.14
Toyota,Land Cruiser,2021,15494.95,41784,Petrol,Automatic,31.3,4.0,182.84
Volkswagen,Taigun,2021,9575.29,46550,Petrol,Manual,32.9,1.5,52.46
BMW,5 Series,2021,33497.19,59508,Diesel,Automatic,39.2,2.0,135.42
Volkswagen,Golf,2017,8709.08,130762,Petrol,Semi-Automatic,27.9,2.0,187.94
Skoda,Octavia,2016,9648.92,80693,Hybrid,Manual,41.3,1.4,76.39
Audi,A4,2018,15628.88,97393,Petrol,Automatic,42.6,1.4,100.39
Ford,Focus,2019,11338.58,57990,Hybrid,Manual,23.0,1.5,183.84
Audi,R8,2023,54306.33,12812,Hybrid,Automatic,26.2,1.2,40.4
Toyota,Corolla,2015,4311.31,124143,Petrol,Manual,37.2,1.5,167.23
Skoda,Superb,2022,33056.66,38932,Diesel,Automatic,44.7,1.0,179.57
Audi,A4,2024,44047.66,4965,Diesel,Automatic,36.7,1.4,193.08
Hyundai,i20,2020,12202.74,40638,Hybrid,Automatic,24.2,1.2,173.23
Skoda,Kodiaq,2023,32396.13,13185,Petrol,Automatic,37.5,1.5,67.36
Hyundai,i20,2019,11668.91,72904,Petrol,Automatic,23.3,2.0,196.08
BMW,M4,2015,9826.16,132310,Petrol,Automatic,37.4,1.5,68.65
Hyundai,Tucson,2023,24319.27,14071,Petrol,Semi-Automatic,38.0,1.5,119.43
Hyundai,Tucson,2016,8347.66,86783,Diesel,Manual,32.7,4.0,40.43
Audi,A3,2018,12395.71,69240,Hybrid,Automatic,39.5,1.0,175.46
Ford,Fiesta,2020,21961.03,46249,Diesel,Automatic,31.5,4.0,177.21
Ford,Fiesta,2024,19421.2,3755,Petrol,Manual,43.8,4.0,20.69
Ford,Focus,2018,5699.49,79224,Diesel,Automatic,24.9,2.0,197.83
Ford,Focus,2022,17683.08,37300,Petrol,Manual,20.2,1.2,51.65
Hyundai,Creta,2023,17146.48,11240,Diesel,Manual,41.2,1.2,156.13
Audi,Q7,2024,44049.39,1169,Petrol,Automatic,28.6,1.0,63.34
Ford,Mustang,2019,15242.43,53139,Petrol,Automatic,35.5,1.0,167.19
Ford,EcoSport,2015,10622.33,118655,Diesel,Semi-Automatic,37.5,1.0,128.99
Skoda,Kodiaq,2020,15610.73,59217,Petrol,Automatic,27.8,1.2,199.84
Audi,R8,2017,9998.65,102546,Petrol,Automatic,43.1,1.5,172.37
Toyota,Innova,2022,14819.94,27711,Hybrid,Automatic,39.7,4.0,88.66
Ford,Focus,2021,15740.31,54522,Hybrid,Manual,43.7,1.0,59.06
Toyota,Innova,2017,6965.73,104812,Petrol,Automatic,41.3,1.2,69.98
Toyota,Land Cruiser,2022,22028.63,23196,Electric,Automatic,148.1,0.0,0.0
Hyundai,Elantra,2024,14950.24,4037,Petrol,Manual,27.7,3.0,48.55
Hyundai,Verna,2021,13924.21,45889,Petrol,Manual,37.2,2.0,43.06
Toyota,Corolla,2015,6471.54,108851,Petrol,Manual,41.8,1.5,76.26
Volkswagen,Tiguan,2023,22699.16,16983,Hybrid,Semi-Automatic,39.5,1.2,123.01
Ford,Endeavour,2024,23524.09,2401,Petrol,Automatic,22.4,2.0,155.03
Hyundai,i20,2023,17191.67,18909,Electric,Automatic,122.5,0.0,0.0
Audi,Q5,2017,16306.51,103162,Petrol,Automatic,20.1,2.0,84.11
Toyota,Land Cruiser,2017,13473.16,103928,Petrol,Automatic,25.0,1.2,165.93
Skoda,Octavia,2019,17191.53,59747,Diesel,Manual,39.8,4.0,96.14
Volkswagen,Polo,2019,9408.52,51264,Diesel,Automatic,22.0,1.2,103.69
Toyota,Innova,2023,16565.78,13140,Hybrid,Automatic,24.9,1.4,129.18
Audi,R8,2017,13362.5,73669,Petrol,Automatic,31.9,4.0,45.52
Ford,EcoSport,2023,13223.19,13238,Petrol,Automatic,39.0,1.4,135.85
Skoda,Octavia,2023,14790.34,11318,Petrol,Manual,23.8,3.0,114.1
Audi,A3,2020,39709.69,56505,Diesel,Automatic,32.3,2.0,118.12
Toyota,Innova,2017,9252.27,84507,Petrol,Automatic,41.7,1.0,60.93
Ford,Endeavour,2015,4102.2,110296,Petrol,Manual,25.8,4.0,47.47
Audi,R8,2020,25322.48,66810,Petrol,Automatic,39.1,3.0,108.6
Ford,EcoSport,2023,13614.4,10360,Petrol,Automatic,28.7,1.4,34.51
Skoda,Superb,2021,13227.2,57456,Diesel,Manual,33.9,1.2,111.96
Volkswagen,Golf,2024,21307.86,2023,Diesel,Automatic,31.1,3.0,194.19
Skoda,Slavia,2018,7038.23,108278,Diesel,Automatic,25.0,3.0,122.64
Hyundai,Creta,2024,25624.15,3167,Diesel,Automatic,26.3,1.4,112.0
BMW,5 Series,2017,22033.13,136275,Petrol,Automatic,28.2,2.0,197.16
Volkswagen,Golf,2022,21656.36,35900,Diesel,Semi-Automatic,21.9,1.0,39.31
Volkswagen,Polo,2024,14887.76,100,Petrol,Automatic,44.0,1.4,37.5
Audi,A4,2021,40155.04,38399,Diesel,Automatic,27.4,1.0,26.3
Hyundai,Creta,2019,9225.99,99164,Hybrid,Manual,35.9,4.0,191.44
BMW,X5,2017,9032.07,86436,Hybrid,Automatic,34.5,1.4,120.34
BMW,M4,2022,24880.29,24309,Petrol,Automatic,29.4,1.5,26.69
Volkswagen,Passat,2021,11225.81,56922,Diesel,Semi-Automatic,41.9,3.0,147.78
Toyota,Camry,2019,6662.18,93599,Petrol,Automatic,20.0,4.0,137.03
Skoda,Slavia,2023,36944.77,12315,Hybrid,Manual,29.1,1.5,127.65
Volkswagen,Passat,2023,17466.32,13712,Diesel,Manual,38.4,1.2,82.42
Skoda,Slavia,2020,14688.69,51697,Hybrid,Automatic,32.4,1.4,117.61
Toyota,Corolla,2024,20958.44,3262,Petrol,Automatic,37.0,1.4,180.15
Skoda,Superb,2024,25919.61,4270,Diesel,Semi-Automatic,39.8,1.5,168.44
BMW,X5,2016,21860.54,121565,Diesel,Automatic,26.4,1.2,119.08
Ford,Focus,2020,14950.08,73458,Petrol,Semi-Automatic,33.1,1.2,167.48
Skoda,Kodiaq,2021,24019.39,36774,Diesel,Manual,37.3,3.0,155.6
BMW,M4,2016,16162.63,135594,Petrol,Automatic,38.9,1.2,74.51
Skoda,Octavia,2018,5367.72,67264,Petrol,Automatic,21.8,1.0,65.62
Toyota,Fortuner,2021,9590.13,40295,Petrol,Manual,35.5,3.0,185.52
Skoda,Octavia,2022,32014.23,27029,Petrol,Automatic,39.9,4.0,155.53
BMW,X5,2024,59194.11,2502,Petrol,Automatic,21.0,1.0,107.74
Toyota,Fortuner,2023,14328.46,18306,Diesel,Manual,29.5,2.0,80.73
Toyota,Corolla,2020,13384.82,74185,Petrol,Automatic,20.3,4.0,43.11
Ford,Fiesta,2023,24092.95,14631,Diesel,Manual,43.1,1.0,137.67
Hyundai,Verna,2016,6518.43,152180,Petrol,Manual,27.3,1.0,79.65
Ford,Focus,2016,5699.41,80455,Diesel,Automatic,42.6,1.0,159.04
Hyundai,Creta,2018,6568.61,110732,Petrol,Automatic,37.5,1.0,184.1
Audi,A4,2017,23403.67,109393,Petrol,Automatic,29.2,1.0,145.81
Ford,Endeavour,2020,16372.44,58946,Petrol,Automatic,30.6,1.4,31.73
Ford,Mustang,2022,21174.47,38132,Hybrid,Manual,24.0,3.0,122.68
Audi,Q7,2023,39405.28,10668,Diesel,Automatic,24.6,2.0,94.39
BMW,5 Series,2018,13059.95,102088,Petrol,Automatic,21.5,1.0,161.86
Skoda,Kodiaq,2024,29699.63,1665,Petrol,Automatic,25.3,1.5,139.53
Toyota,Camry,2016,5555.13,130162,Hybrid,Manual,36.7,1.2,174.41
Volkswagen,Polo,2022,24106.1,31323,Petrol,Automatic,41.0,1.2,85.11
Volkswagen,Tiguan,2021,10170.78,56120,Diesel,Manual,36.8,1.5,187.54
Toyota,Land Cruiser,2018,13074.38,96893,Diesel,Automatic,36.2,1.2,155.98
Audi,R8,2023,39784.66,14327,Petrol,Automatic,21.7,4.0,35.27
Audi,A3,2020,21896.35,66006,Electric,Automatic,117.1,0.0,0.0
Skoda,Kodiaq,2019,17933.1,74389,Diesel,Automatic,34.7,3.0,120.83
Skoda,Superb,2022,18838.23,39504,Diesel,Automatic,21.6,1.4,133.24
Volkswagen,Tiguan,2024,29268.68,4545,Diesel,Manual,27.7,2.0,168.63
Ford,EcoSport,2019,10013.66,82955,Diesel,Automatic,23.5,1.4,158.58
Audi,Q5,2023,46102.23,14626,Diesel,Automatic,22.9,1.4,150.09
Ford,Focus,2018,12756.39,80242,Hybrid,Automatic,29.4,3.0,90.49
Hyundai,Verna,2022,13930.24,32119,Petrol,Semi-Automatic,40.3,1.0,197.1
BMW,5 Series,2019,33588.1,99542,Diesel,Automatic,26.9,1.2,122.14
Hyundai,i20,2021,13827.11,33242,Petrol,Manual,23.5,4.0,42.12
Volkswagen,Polo,2015,8944.03,139364,Petrol,Automatic,43.1,1.2,143.61
BMW,M4,2015,6833.26,146192,Petrol,Automatic,30.7,2.0,61.49
Skoda,Kodiaq,2023,20617.92,10229,Diesel,Automatic,24.3,1.5,193.95
Audi,R8,2024,28775.17,3109,Electric,Automatic,140.5,0.0,0.0
BMW,5 Series,2021,25004.86,34969,Petrol,Automatic,25.5,1.2,39.33
Ford,Mustang,2021,20287.66,41601,Petrol,Manual,22.0,1.5,148.24
Audi,Q7,2024,61092.26,1105,Diesel,Automatic,30.9,1.4,177.53
Hyundai,i20,2022,14232.82,28843,Petrol,Manual,21.9,3.0,170.65
Toyota,Camry,2021,12543.91,42153,Petrol,Manual,25.8,1.5,128.08
BMW,M4,2018,21441.79,102784,Petrol,Automatic,34.3,1.0,84.71
Toyota,Innova,2022,28036.24,25098,Petrol,Manual,44.9,1.2,106.14
Audi,R8,2023,54123.06,18459,Electric,Automatic,118.2,0.0,0.0
Audi,A3,2017,11531.52,73504,Petrol,Automatic,43.3,1.4,101.56
Audi,Q7,2019,30585.39,70473,Petrol,Automatic,21.7,2.0,176.93
BMW,M4,2017,14152.8,99628,Petrol,Automatic,20.4,2.0,193.04
Ford,Fiesta,2016,9924.45,142651,Diesel,Automatic,33.8,1.2,86.41
Audi,R8,2017,12222.98,129878,Diesel,Automatic,32.8,2.0,23.73
BMW,X5,2017,12218.09,129257,Petrol,Automatic,35.2,4.0,86.09
Hyundai,Elantra,2018,7505.97,102805,Petrol,Automatic,21.1,1.2,196.91
BMW,X3,2022,40699.34,35085,Diesel,Automatic,38.2,1.5,179.98
Ford,Endeavour,2020,20457.16,73505,Petrol,Manual,43.4,4.0,50.04
Toyota,Camry,2015,5009.89,123075,Petrol,Automatic,30.3,1.4,87.67
BMW,X3,2022,26060.4,28710,Diesel,Automatic,23.7,4.0,175.74
Volkswagen,Golf,2019,11078.05,95025,Hybrid,Manual,30.0,1.4,148.32
Audi,Q7,2017,14821.1,136340,Hybrid,Automatic,43.1,1.0,73.18
Hyundai,Elantra,2021,18304.29,32343,Petrol,Automatic,33.8,4.0,27.29
Volkswagen,Passat,2016,6541.59,153758,Petrol,Semi-Automatic,23.6,1.4,148.0
BMW,3 Series,2023,34941.26,10241,Petrol,Automatic,40.0,2.0,102.85
Hyundai,Tucson,2020,5771.19,44931,Petrol,Automatic,39.1,4.0,26.51
Skoda,Octavia,2017,13444.64,116243,Petrol,Automatic,26.7,1.2,45.6
BMW,M4,2021,25386.66,31320,Petrol,Automatic,23.3,1.2,95.31
Toyota,Camry,2021,18346.02,57482,Petrol,Manual,41.5,1.5,67.79
Volkswagen,Polo,2018,12010.28,115489,Petrol,Manual,31.5,2.0,181.89
Ford,Mustang,2022,30025.04,31171,Hybrid,Automatic,28.3,2.0,139.69
Audi,R8,2023,57848.67,17782,Petrol,Automatic,40.4,1.4,98.1
Hyundai,Verna,2019,9261.72,70235,Electric,Automatic,143.2,0.0,0.0
Volkswagen,Golf,2023,19498.61,18807,Petrol,Semi-Automatic,43.2,2.0,145.53
Hyundai,Elantra,2021,10910.04,32433,Petrol,Automatic,43.2,1.4,31.94
BMW,X5,2021,40444.79,44195,Petrol,Automatic,43.4,1.2,41.28
Toyota,Innova,2021,19673.11,55483,Petrol,Automatic,24.1,1.4,48.65
Skoda,Slavia,2016,4500.03,138994,Petrol,Automatic,42.4,4.0,188.19
Volkswagen,Golf,2015,3263.78,102013,Electric,Automatic,134.3,0.0,0.0
Ford,Mustang,2024,16445.47,589,Electric,Automatic,102.0,0.0,0.0
Volkswagen,Golf,2017,14307.09,104325,Petrol,Manual,40.9,2.0,32.9
Hyundai,Creta,2016,5614.18,92591,Diesel,Automatic,32.4,1.4,60.28
BMW,X5,2020,34304.18,72410,Petrol,Automatic,32.7,3.0,72.86
Volkswagen,Passat,2021,22803.62,59537,Petrol,Manual,26.0,1.2,46.77
BMW,3 Series,2015,12702.77,99690,Petrol,Automatic,23.7,4.0,33.22
Hyundai,Tucson,2024,14730.66,4656,Diesel,Automatic,38.2,3.0,74.46
Audi,Q7,2015,10922.47,121057,Petrol,Automatic,41.0,1.5,164.65
Audi,Q7,2022,44525.19,34182,Petrol,Automatic,23.3,3.0,78.84
Toyota,Fortuner,2024,38449.72,904,Petrol,Manual,41.9,1.0,80.22
Audi,A4,2023,55843.95,19073,Diesel,Automatic,30.4,3.0,158.75
Hyundai,Tucson,2024,15723.99,4139,Diesel,Manual,28.3,3.0,138.56
Ford,Endeavour,2019,14791.25,99681,Diesel,Automatic,30.9,4.0,190.97
BMW,X5,2024,57801.15,318,Petrol,Automatic,30.2,4.0,132.87
BMW,X5,2021,50839.9,48262,Petrol,Automatic,27.9,1.5,126.36
Hyundai,Tucson,2015,6305.04,142160,Petrol,Manual,25.7,4.0,59.92
Toyota,Camry,2021,8416.4,32283,Hybrid,Automatic,42.5,1.0,189.19
Skoda,Kodiaq,2024,34875.94,2717,Diesel,Automatic,41.4,1.5,186.61
Skoda,Kodiaq,2017,9448.17,117955,Petrol,Automatic,43.7,1.2,23.72
Ford,Mustang,2017,11514.13,99090,Hybrid,Manual,24.1,1.4,37.57
Hyundai,Verna,2023,17722.24,11555,Petrol,Semi-Automatic,43.8,4.0,31.88
Volkswagen,Tiguan,2017,5841.51,78500,Diesel,Automatic,31.6,3.0,41.98
Skoda,Kodiaq,2016,6428.54,94111,Hybrid,Automatic,26.3,2.0,23.28
Volkswagen,Polo,2016,5243.08,121766,Diesel,Manual,44.8,1.4,156.32
BMW,X3,2021,42185.38,54218,Diesel,Automatic,30.1,2.0,50.15
Ford,EcoSport,2024,34189.67,1211,Diesel,Semi-Automatic,32.4,1.5,158.75
Hyundai,Tucson,2018,9580.8,71284,Diesel,Manual,36.6,1.4,87.06
Toyota,Corolla,2020,19559.91,73720,Diesel,Automatic,22.9,1.5,44.44
Skoda,Kodiaq,2016,8336.24,146818,Petrol,Manual,40.6,4.0,72.82
BMW,3 Series,2019,30857.53,84795,Hybrid,Automatic,45.0,4.0,70.52
Toyota,Corolla,2023,22018.98,17386,Petrol,Manual,27.1,1.0,53.26
Volkswagen,Golf,2023,30101.63,13625,Petrol,Manual,28.3,1.2,179.91
Skoda,Superb,2024,36916.4,4223,Diesel,Automatic,41.5,2.0,166.08
Skoda,Kodiaq,2023,27166.9,14036,Hybrid,Manual,41.9,1.4,36.73
Hyundai,i20,2017,3974.0,111181,Petrol,Automatic,31.7,2.0,85.0
BMW,X3,2017,19321.62,125587,Petrol,Automatic,24.2,2.0,136.73
Ford,Fiesta,2015,7050.7,101399,Diesel,Automatic,37.1,1.5,62.95
BMW,M4,2019,27305.26,92092,Petrol,Automatic,25.9,2.0,97.35
Ford,EcoSport,2018,14370.43,68172,Electric,Automatic,128.9,0.0,0.0
Audi,R8,2016,16933.46,128420,Petrol,Automatic,22.9,3.0,126.33
Hyundai,Creta,2024,14072.65,3388,Petrol,Manual,45.0,3.0,154.08
BMW,X5,2017,23967.46,77882,Petrol,Automatic,25.3,3.0,39.94
BMW,X5,2016,12689.78,91759,Diesel,Automatic,23.1,1.5,86.38
Toyota,Land Cruiser,2019,11808.32,81752,Petrol,Manual,41.7,3.0,174.46
Audi,Q7,2022,55262.71,25042,Petrol,Automatic,24.0,4.0,160.65
BMW,X5,2023,37131.18,18813,Petrol,Automatic,27.0,1.0,96.71
Toyota,Land Cruiser,2016,8611.42,131540,Petrol,Automatic,26.9,1.5,105.83
Hyundai,Creta,2022,11255.16,20342,Petrol,Automatic,25.5,2.0,190.73
Ford,Focus,2016,6113.41,100384,Petrol,Automatic,32.9,1.5,75.84
BMW,3 Series,2024,71739.95,1335,Petrol,Automatic,43.9,4.0,187.65
Skoda,Superb,2022,28842.98,39172,Petrol,Automatic,33.8,1.0,122.23
Toyota,Camry,2017,5625.16,123491,Petrol,Automatic,34.7,3.0,133.19
Volkswagen,Taigun,2024,29342.05,1061,Petrol,Manual,28.4,1.2,104.85
Skoda,Kodiaq,2022,17213.23,20328,Petrol,Automatic,23.4,1.0,93.93
Audi,Q7,2021,36514.2,33078,Electric,Automatic,127.4,0.0,0.0
Audi,A4,2018,14189.84,75387,Hybrid,Automatic,30.2,3.0,198.44
Skoda,Slavia,2018,7283.8,96706,Petrol,Manual,35.0,4.0,154.36
Audi,A3,2022,46947.54,33145,Diesel,Automatic,20.2,4.0,171.57
Audi,Q7,2020,18286.18,49173,Diesel,Automatic,20.0,1.4,145.35
Volkswagen,Passat,2023,27610.87,10975,Diesel,Manual,26.9,1.2,50.97
Audi,A3,2017,12014.4,79283,Petrol,Automatic,36.5,1.2,60.61
BMW,3 Series,2018,19163.88,105665,Hybrid,Automatic,30.8,4.0,143.83
Audi,Q7,2021,18189.64,45990,Diesel,Automatic,42.3,4.0,39.53
Audi,A4,2016,9465.13,98340,Hybrid,Automatic,26.7,2.0,113.65
Ford,Endeavour,2024,45470.64,4443,Petrol,Semi-Automatic,33.3,1.5,122.11
Toyota,Camry,2024,39660.2,3070,Hybrid,Automatic,40.9,1.4,55.33
Toyota,Land Cruiser,2022,33254.06,22306,Diesel,Semi-Automatic,25.7,4.0,146.05
BMW,M4,2022,37005.61,34248,Hybrid,Automatic,21.3,1.2,52.36
Volkswagen,Golf,2018,15957.62,96414,Hybrid,Manual,33.8,2.0,81.04
BMW,X3,2019,19173.71,58915,Petrol,Automatic,41.3,4.0,56.95
Volkswagen,Golf,2016,8529.26,85714,Diesel,Automatic,38.4,1.2,77.93
Ford,Mustang,2020,8739.93,71201,Diesel,Automatic,41.6,1.0,150.16
Hyundai,Creta,2024,12058.12,4046,Petrol,Automatic,36.2,3.0,30.3
Ford,Endeavour,2015,9299.33,118155,Diesel,Automatic,32.6,1.4,72.18
Hyundai,Creta,2016,5297.98,133451,Diesel,Manual,33.1,1.2,158.24
Audi,Q5,2023,47169.21,13794,Petrol,Automatic,30.9,2.0,24.73
BMW,3 Series,2019,32157.73,81833,Petrol,Automatic,38.1,1.2,69.51
Toyota,Innova,2024,18362.99,2607,Electric,Automatic,102.4,0.0,0.0
Volkswagen,Golf,2024,23853.71,3162,Petrol,Manual,30.3,2.0,174.08
Toyota,Land Cruiser,2020,18200.95,64975,Diesel,Semi-Automatic,43.1,1.0,53.26
BMW,X3,2015,18989.92,112753,Diesel,Automatic,42.3,3.0,184.74
BMW,X3,2019,35653.33,77373,Petrol,Automatic,42.0,1.2,64.82
Toyota,Camry,2023,28680.38,12422,Diesel,Manual,30.0,3.0,142.02
Audi,R8,2024,64338.5,1558,Petrol,Automatic,42.0,1.2,156.17
Hyundai,Verna,2021,8434.24,53348,Petrol,Automatic,40.6,3.0,72.49
Toyota,Camry,2020,22074.63,51624,Hybrid,Manual,39.7,1.4,149.8
Hyundai,Verna,2017,5557.15,133800,Petrol,Manual,29.4,1.4,94.01
Volkswagen,Tiguan,2023,29157.19,15052,Hybrid,Automatic,38.3,2.0,86.31
Ford,Endeavour,2023,18969.41,13315,Electric,Automatic,141.6,0.0,0.0
Ford,Mustang,2015,5639.84,179381,Petrol,Manual,25.4,4.0,194.55
Hyundai,Creta,2023,12404.78,17088,Petrol,Manual,23.5,1.0,38.39
Ford,Endeavour,2022,23227.4,35747,Diesel,Automatic,25.0,3.0,126.8
Ford,Focus,2022,15241.05,26460,Petrol,Automatic,41.4,1.0,150.2
Volkswagen,Taigun,2023,27761.82,19914,Petrol,Semi-Automatic,41.5,3.0,160.2
Volkswagen,Taigun,2015,3324.74,163831,Electric,Automatic,105.3,0.0,0.0
Toyota,Corolla,2023,16322.88,19243,Petrol,Manual,31.8,1.4,146.51
Ford,Mustang,2024,19426.8,115,Diesel,Manual,29.2,1.2,162.57
BMW,3 Series,2019,28351.94,93542,Diesel,Automatic,34.4,1.4,39.59
Audi,A4,2021,33604.88,30791,Petrol,Automatic,44.9,4.0,55.05
Ford,Focus,2018,12534.91,64410,Petrol,Manual,30.5,1.0,36.6
Ford,Mustang,2017,9624.67,122300,Hybrid,Automatic,39.5,1.5,80.75
Toyota,Innova,2021,28331.52,45580,Petrol,Automatic,30.7,1.0,172.38
Audi,A3,2023,61359.45,13978,Diesel,Automatic,40.5,1.5,157.29
Audi,Q7,2016,13154.57,87995,Petrol,Automatic,25.5,1.4,181.55
BMW,X5,2023,48263.98,11087,Diesel,Automatic,32.1,3.0,157.35
Audi,R8,2018,31848.38,77424,Electric,Automatic,105.8,0.0,0.0
Skoda,Octavia,2023,39993.88,13426,Petrol,Automatic,42.8,2.0,152.6
Audi,Q7,2015,9676.14,145305,Petrol,Automatic,22.6,3.0,86.7
Ford,Fiesta,2024,39726.41,2946,Petrol,Manual,34.4,3.0,188.29
Toyota,Fortuner,2024,38457.75,2906,Hybrid,Automatic,35.6,4.0,165.45
Volkswagen,Tiguan,2023,30625.62,17460,Diesel,Automatic,41.4,2.0,36.14
Hyundai,Creta,2023,22166.0,16367,Diesel,Manual,34.1,4.0,72.99
Skoda,Kodiaq,2024,36751.06,958,Petrol,Manual,39.5,1.4,167.49
Volkswagen,Golf,2021,16858.38,58125,Petrol,Automatic,44.8,1.5,105.14
Ford,Fiesta,2022,29980.43,20610,Petrol,Automatic,27.7,3.0,189.75
Audi,R8,2024,42415.75,1872,Petrol,Automatic,43.8,2.0,44.93
Volkswagen,Polo,2019,19081.87,98001,Hybrid,Manual,23.6,2.0,145.13
Toyota,Fortuner,2015,7799.59,103251,Diesel,Manual,36.9,1.4,98.15
BMW,M4,2021,34897.24,48910,Hybrid,Automatic,25.4,4.0,121.12
Toyota,Corolla,2017,12928.67,91958,Petrol,Semi-Automatic,23.0,4.0,171.8
Hyundai,Elantra,2023,11225.49,17731,Hybrid,Manual,42.5,4.0,173.83
Audi,Q7,2018,11713.08,90833,Diesel,Automatic,42.7,1.0,90.07
BMW,X5,2023,31232.42,11933,Diesel,Automatic,40.6,1.0,168.2
BMW,3 Series,2021,35407.09,38377,Petrol,Automatic,35.2,1.4,174.41
BMW,X5,2021,45241.17,45654,Hybrid,Automatic,43.7,3.0,135.57
Audi,A3,2020,20472.45,40672,Petrol,Automatic,31.1,1.2,70.67
BMW,X5,2017,22372.45,98815,Petrol,Automatic,23.4,4.0,23.5
BMW,X5,2022,59667.22,39639,Diesel,Automatic,43.3,4.0,32.02
Hyundai,i20,2021,18260.99,37883,Electric,Automatic,122.7,0.0,0.0
Audi,Q5,2020,32063.26,53789,Electric,Automatic,105.4,0.0,0.0
BMW,X5,2015,10246.53,171687,Diesel,Automatic,22.0,1.5,49.41
BMW,5 Series,2021,25799.42,50088,Petrol,Automatic,32.4,1.4,123.22
Toyota,Corolla,2018,7434.83,100072,Petrol,Manual,21.2,4.0,193.02
Skoda,Kodiaq,2015,4359.97,135924,Electric,Automatic,113.8,0.0,0.0
Audi,Q7,2018,25781.5,83901,Diesel,Automatic,43.2,3.0,182.91
Volkswagen,Passat,2023,16021.88,10140,Petrol,Manual,32.3,2.0,167.71
Volkswagen,Golf,2016,8782.56,154446,Petrol,Automatic,28.5,4.0,169.35
Ford,Endeavour,2022,15671.16,36526,Hybrid,Automatic,41.9,1.2,172.65
Skoda,Kodiaq,2021,9220.48,52508,Electric,Automatic,139.3,0.0,0.0
Skoda,Slavia,2021,23905.06,43607,Diesel,Automatic,43.5,1.5,62.47
Skoda,Superb,2015,5412.66,138655,Petrol,Automatic,24.5,1.4,133.25
Ford,Focus,2016,12633.98,132764,Petrol,Manual,44.7,3.0,188.67
Hyundai,Elantra,2024,11895.67,4691,Petrol,Automatic,28.2,1.5,91.63
Volkswagen,Taigun,2015,7398.58,151367,Petrol,Automatic,33.5,4.0,161.0
BMW,5 Series,2017,21706.86,93161,Petrol,Automatic,35.1,3.0,151.33
Volkswagen,Taigun,2021,27709.05,50742,Diesel,Manual,23.2,1.4,178.85
Volkswagen,Taigun,2023,24533.48,10840,Petrol,Automatic,32.7,4.0,193.24
BMW,X5,2016,12200.91,151615,Petrol,Automatic,29.8,4.0,55.28
Ford,Focus,2015,9867.86,124240,Petrol,Automatic,38.0,1.5,139.46
Toyota,Land Cruiser,2023,25520.48,18570,Diesel,Automatic,32.4,4.0,172.19
Volkswagen,Golf,2020,14945.58,79767,Petrol,Automatic,28.0,1.5,114.39
Ford,Focus,2018,10212.98,112981,Diesel,Automatic,38.9,3.0,90.23
Skoda,Kodiaq,2022,20999.28,22496,Petrol,Automatic,39.5,1.4,81.67
Hyundai,Tucson,2017,8999.16,111551,Petrol,Manual,40.4,3.0,72.95
Audi,A4,2023,60870.34,17895,Hybrid,Automatic,25.6,2.0,189.31
Skoda,Octavia,2020,13492.78,67378,Hybrid,Manual,39.0,1.5,150.04
Audi,Q5,2021,23928.23,42109,Diesel,Automatic,41.7,2.0,60.01
Skoda,Kodiaq,2016,6496.19,120358,Diesel,Manual,29.1,1.5,191.29
Skoda,Kodiaq,2021,27020.1,30468,Petrol,Automatic,37.0,1.2,168.48
BMW,5 Series,2019,25175.5,83771,Diesel,Automatic,34.4,1.0,186.74
Toyota,Land Cruiser,2022,13542.82,36660,Petrol,Manual,39.8,1.4,35.48
Audi,Q7,2019,14637.95,55376,Hybrid,Automatic,25.1,1.2,58.99
Hyundai,Verna,2018,9890.19,110752,Diesel,Manual,30.7,1.0,173.28
BMW,M4,2019,32034.24,93212,Hybrid,Automatic,27.1,1.0,158.56
BMW,X3,2017,17328.59,136358,Petrol,Automatic,34.8,1.0,105.12
Skoda,Superb,2022,10677.93,24700,Diesel,Automatic,39.2,1.2,92.39
Hyundai,Verna,2021,12276.93,55921,Diesel,Automatic,38.9,1.4,117.0
Hyundai,Creta,2017,6158.45,93609,Diesel,Automatic,33.5,2.0,81.12
Toyota,Fortuner,2020,21541.7,51521,Diesel,Manual,35.4,1.0,41.36
Volkswagen,Passat,2020,8939.62,40250,Petrol,Manual,27.7,2.0,135.05
Ford,Focus,2016,11042.93,150189,Hybrid,Automatic,40.0,1.0,176.33
Audi,A3,2020,22245.0,48163,Diesel,Automatic,33.9,1.0,52.79
Hyundai,Tucson,2019,12049.45,69153,Diesel,Semi-Automatic,32.3,4.0,109.93
Ford,Focus,2021,17964.41,43231,Hybrid,Automatic,23.7,1.4,21.15
Volkswagen,Taigun,2017,13070.32,136479,Petrol,Manual,40.3,4.0,147.36
Volkswagen,Polo,2017,6059.57,84012,Petrol,Automatic,20.2,1.0,74.88
BMW,X5,2015,17270.55,127383,Petrol,Automatic,25.1,1.4,119.49
BMW,M4,2017,21489.83,119431,Diesel,Automatic,24.4,1.4,52.52
Toyota,Innova,2020,13034.19,62481,Petrol,Manual,23.9,1.0,122.82
Hyundai,Creta,2024,12552.31,3735,Petrol,Automatic,26.0,1.0,38.4
Skoda,Superb,2022,32573.7,23510,Petrol,Manual,31.1,1.2,149.09
Skoda,Superb,2015,5362.43,141898,Diesel,Automatic,38.5,1.0,178.68
Ford,EcoSport,2020,18431.43,65614,Petrol,Automatic,25.9,3.0,49.98
Hyundai,Creta,2024,27331.78,4704,Petrol,Manual,38.1,3.0,103.34
Toyota,Camry,2017,12052.94,135932,Diesel,Manual,26.3,4.0,165.94
Toyota,Land Cruiser,2016,5503.41,145989,Hybrid,Automatic,24.7,1.0,51.38
Audi,A3,2020,23865.87,58740,Diesel,Automatic,32.4,1.5,40.25
Ford,Mustang,2017,10503.73,134048,Petrol,Manual,40.3,1.0,155.49
Audi,Q5,2021,42660.57,31628,Petrol,Automatic,20.9,4.0,28.0
Skoda,Slavia,2024,40787.99,2566,Hybrid,Automatic,37.1,3.0,144.8
Ford,Mustang,2023,20711.91,15349,Hybrid,Automatic,43.1,4.0,162.26
Volkswagen,Polo,2018,6412.98,74177,Petrol,Manual,34.3,1.4,162.96
BMW,X5,2016,13860.27,156327,Hybrid,Automatic,34.3,1.0,187.14
BMW,5 Series,2024,41650.08,3771,Diesel,Automatic,22.3,1.4,55.79
Ford,Endeavour,2018,6705.85,114699,Diesel,Semi-Automatic,22.1,1.5,143.62
BMW,M4,2016,9235.81,92074,Petrol,Automatic,25.2,3.0,41.25
Ford,EcoSport,2021,18378.02,31605,Diesel,Automatic,22.2,1.5,40.29
BMW,5 Series,2017,10529.93,72234,Petrol,Automatic,28.6,2.0,153.66
Volkswagen,Passat,2018,8091.18,103780,Petrol,Automatic,30.8,2.0,80.72
BMW,5 Series,2022,46671.09,26029,Diesel,Automatic,23.7,1.2,161.3
BMW,3 Series,2019,13976.3,69739,Diesel,Automatic,43.0,2.0,174.77
Ford,Mustang,2017,5985.77,79016,Hybrid,Automatic,37.5,1.4,86.01
Ford,EcoSport,2016,11218.28,80098,Hybrid,Automatic,34.2,4.0,82.14
Ford,Endeavour,2022,30272.31,24577,Petrol,Manual,24.8,2.0,188.33
Hyundai,Verna,2020,9750.75,45213,Hybrid,Manual,21.9,1.2,153.68
BMW,5 Series,2022,54420.69,27236,Petrol,Automatic,25.8,1.0,109.07
Audi,R8,2024,34523.6,2212,Hybrid,Automatic,20.6,1.2,61.08
Volkswagen,Tiguan,2023,31680.17,13423,Petrol,Automatic,40.7,3.0,143.2
BMW,5 Series,2019,12791.19,50843,Petrol,Automatic,42.6,2.0,192.19
Volkswagen,Passat,2020,15286.7,64916,Petrol,Automatic,39.5,1.4,82.65
Toyota,Camry,2018,9081.07,68211,Hybrid,Automatic,20.1,1.0,27.94
Volkswagen,Polo,2023,14947.53,18060,Diesel,Automatic,25.7,1.4,100.88
Volkswagen,Polo,2022,14392.84,30887,Diesel,Automatic,36.8,1.2,100.6
Skoda,Octavia,2016,12543.6,117076,Petrol,Manual,31.3,1.5,64.37
Ford,Focus,2020,8257.28,74809,Petrol,Automatic,26.9,4.0,74.04
Toyota,Camry,2016,8907.4,125210,Petrol,Automatic,33.2,1.5,83.96
Ford,EcoSport,2024,20485.79,126,Petrol,Automatic,41.8,1.5,56.07
Audi,Q7,2019,34396.39,71840,Petrol,Automatic,28.8,1.2,31.53
Volkswagen,Golf,2022,10253.56,25320,Petrol,Manual,44.1,1.0,132.83
Volkswagen,Polo,2016,4580.49,133322,Petrol,Manual,20.5,2.0,137.92
Audi,R8,2023,29607.77,17572,Hybrid,Automatic,35.8,1.0,68.52
Hyundai,Creta,2016,4158.82,100441,Diesel,Manual,34.7,2.0,136.39
Volkswagen,Passat,2021,23781.7,44784,Petrol,Manual,31.6,1.0,99.02
Volkswagen,Passat,2021,21336.84,33061,Hybrid,Semi-Automatic,23.7,1.0,107.29
Toyota,Innova,2024,21759.19,1679,Petrol,Automatic,44.2,2.0,140.55
Hyundai,Verna,2024,31038.88,171,Diesel,Semi-Automatic,24.1,3.0,97.54
Audi,A3,2018,20188.67,109188,Diesel,Automatic,24.3,1.0,36.02
Volkswagen,Golf,2015,8109.68,113354,Hybrid,Semi-Automatic,33.6,1.0,195.18
Audi,Q5,2024,59696.66,3922,Petrol,Automatic,23.7,1.5,40.15
BMW,M4,2023,56944.58,19278,Diesel,Automatic,40.4,2.0,173.25
Toyota,Fortuner,2019,12843.47,56012,Hybrid,Automatic,33.0,1.2,152.74
Skoda,Slavia,2023,24209.3,15390,Petrol,Manual,33.5,1.4,95.38
Toyota,Corolla,2017,12598.44,75958,Diesel,Manual,36.2,1.2,35.13
Skoda,Slavia,2024,21565.56,2842,Diesel,Automatic,38.8,3.0,124.15
Volkswagen,Passat,2015,5425.15,110640,Petrol,Semi-Automatic,22.2,1.0,124.58
Hyundai,Elantra,2015,4653.96,112330,Petrol,Automatic,40.2,1.2,119.58
Hyundai,Elantra,2020,6883.53,63241,Hybrid,Automatic,36.0,3.0,52.71
BMW,M4,2021,38245.07,48294,Petrol,Automatic,26.2,2.0,67.67
Toyota,Corolla,2019,12210.32,53237,Petrol,Automatic,22.6,1.4,45.62
Skoda,Superb,2021,14415.84,30010,Electric,Automatic,138.9,0.0,0.0
Skoda,Slavia,2023,28855.2,10410,Petrol,Semi-Automatic,29.9,4.0,47.24
Skoda,Slavia,2024,31787.87,410,Petrol,Manual,40.7,4.0,125.57
Ford,Focus,2020,19955.96,65603,Petrol,Automatic,25.1,1.2,93.33
Audi,Q7,2021,44436.15,59430,Petrol,Automatic,26.4,1.0,120.13
Toyota,Fortuner,2015,9523.76,176053,Diesel,Automatic,26.6,1.5,130.93
Hyundai,i20,2018,8620.23,107261,Petrol,Automatic,31.8,3.0,153.26
BMW,M4,2017,21234.71,110126,Diesel,Automatic,21.0,3.0,117.39
BMW,X5,2022,48107.43,25429,Petrol,Automatic,30.3,1.0,172.6
Volkswagen,Golf,2020,19052.86,65063,Hybrid,Automatic,35.4,4.0,116.91
Audi,R8,2021,40204.55,39348,Diesel,Automatic,34.2,4.0,143.96
BMW,X3,2020,33987.09,72143,Petrol,Automatic,23.1,2.0,44.26
Ford,Focus,2015,9869.73,179521,Petrol,Semi-Automatic,42.2,1.0,28.01
BMW,X5,2016,14566.63,98165,Diesel,Automatic,38.8,1.5,119.94
Audi,Q7,2020,24255.34,65904,Petrol,Automatic,34.5,2.0,78.98
BMW,X5,2022,19865.91,33121,Diesel,Automatic,40.2,2.0,73.77
Hyundai,Creta,2015,3584.02,123754,Hybrid,Automatic,38.5,1.5,120.22
Toyota,Innova,2021,10719.16,37863,Petrol,Automatic,27.8,1.4,96.25
Toyota,Innova,2020,14717.79,58024,Electric,Automatic,148.2,0.0,0.0
Volkswagen,Taigun,2024,14695.32,1910,Diesel,Automatic,39.6,1.2,173.77
Volkswagen,Passat,2020,17125.22,55859,Petrol,Automatic,25.7,3.0,29.67
Ford,EcoSport,2017,12042.05,80650,Petrol,Automatic,31.3,1.5,193.58
Ford,EcoSport,2019,12629.45,80663,Petrol,Manual,24.4,1.0,147.65
BMW,X3,2023,57156.6,17968,Diesel,Automatic,44.8,2.0,21.1
BMW,3 Series,2022,47085.55,29624,Petrol,Automatic,34.0,1.0,55.26
Audi,R8,2024,72024.22,4496,Hybrid,Automatic,26.8,3.0,44.28
Toyota,Fortuner,2017,10785.94,80309,Petrol,Manual,25.1,3.0,65.22
Volkswagen,Passat,2020,11048.47,63549,Petrol,Automatic,21.2,4.0,119.74
Ford,Focus,2020,25311.72,46993,Petrol,Automatic,37.4,1.4,61.86
Hyundai,Tucson,2019,5026.2,71461,Petrol,Manual,36.3,1.2,80.94
Volkswagen,Golf,2016,5442.34,92333,Diesel,Automatic,39.2,3.0,130.66
Ford,EcoSport,2024,40579.84,4515,Petrol,Manual,36.6,3.0,136.11
Ford,Focus,2022,13620.93,36652,Diesel,Automatic,40.5,1.4,181.59
Ford,Fiesta,2023,15291.67,16067,Petrol,Manual,21.0,3.0,79.21
Audi,A3,2021,39294.15,36886,Diesel,Automatic,32.6,2.0,46.07
Audi,Q5,2018,25202.77,111470,Hybrid,Automatic,39.7,2.0,153.26
BMW,X5,2022,37148.29,38100,Hybrid,Automatic,28.6,1.4,51.0
Hyundai,Tucson,2019,6157.29,76586,Hybrid,Automatic,37.2,2.0,105.52
Audi,Q7,2023,30906.26,16509,Hybrid,Automatic,38.2,3.0,77.69
Skoda,Octavia,2017,10887.49,105874,Petrol,Automatic,29.6,2.0,131.98
Toyota,Land Cruiser,2023,24084.58,18867,Diesel,Manual,44.8,2.0,76.61
Ford,Focus,2022,13996.41,33620,Petrol,Manual,40.3,2.0,175.13
Skoda,Slavia,2019,8324.46,60186,Diesel,Manual,31.2,1.2,113.86
Skoda,Octavia,2017,15570.76,116167,Petrol,Manual,40.4,2.0,189.87
Audi,A4,2023,67633.45,17116,Diesel,Automatic,25.3,1.0,46.23
Volkswagen,Polo,2015,4451.78,90190,Petrol,Automatic,31.5,1.0,88.29
BMW,M4,2024,64312.48,2456,Petrol,Automatic,20.3,1.4,35.05
Audi,Q5,2021,41080.24,57518,Petrol,Automatic,33.8,3.0,187.14
Audi,A3,2024,50490.97,2163,Diesel,Automatic,41.4,1.2,135.47
Hyundai,Tucson,2021,17079.97,54961,Diesel,Manual,25.0,1.0,159.16
Toyota,Innova,2017,5149.76,89526,Petrol,Automatic,29.5,1.4,170.14
BMW,3 Series,2021,34232.43,41698,Petrol,Automatic,21.8,1.5,182.9
Hyundai,Tucson,2016,6857.52,151344,Hybrid,Semi-Automatic,20.0,1.4,100.46
BMW,X5,2024,76800.26,3131,Petrol,Automatic,35.4,2.0,86.11
Volkswagen,Golf,2021,15935.3,46618,Petrol,Automatic,34.1,1.5,92.95
Skoda,Slavia,2015,7199.8,140222,Diesel,Automatic,23.0,3.0,115.24
Ford,EcoSport,2024,15566.75,2200,Petrol,Automatic,34.2,1.0,181.42
Ford,Endeavour,2018,7717.0,67962,Hybrid,Automatic,29.0,3.0,172.87
Skoda,Superb,2021,10388.68,46598,Petrol,Semi-Automatic,42.4,1.2,86.34
BMW,X5,2020,23513.14,78293,Petrol,Automatic,31.4,3.0,147.09
Ford,Focus,2022,17623.34,35681,Petrol,Automatic,40.9,1.4,119.26
BMW,M4,2024,46508.17,897,Diesel,Automatic,31.9,1.0,112.2
Toyota,Corolla,2019,15818.86,95812,Petrol,Automatic,37.0,4.0,87.11
Volkswagen,Polo,2020,14661.1,40115,Diesel,Manual,41.7,1.0,109.45
Ford,Endeavour,2015,9092.85,146890,Petrol,Automatic,28.6,1.0,69.52
Toyota,Camry,2018,14352.06,111871,Electric,Automatic,146.0,0.0,0.0
Hyundai,Tucson,2015,2579.23,148675,Hybrid,Automatic,24.0,1.5,67.13
Audi,A3,2017,23360.8,135911,Diesel,Automatic,43.3,1.0,159.04
Toyota,Corolla,2015,9729.72,147733,Diesel,Manual,22.9,1.0,86.92
Skoda,Superb,2022,27691.72,36325,Petrol,Manual,22.0,3.0,178.42
Hyundai,Creta,2022,8105.46,23992,Petrol,Manual,30.8,1.0,76.5
BMW,X5,2019,35617.19,82682,Hybrid,Automatic,34.4,3.0,76.21
Hyundai,Tucson,2018,9176.64,94049,Petrol,Automatic,34.3,1.5,175.74
Hyundai,Creta,2024,16524.42,2125,Diesel,Semi-Automatic,39.8,1.2,112.64
Toyota,Camry,2019,15993.5,95084,Diesel,Manual,26.4,1.4,28.17
Volkswagen,Taigun,2024,28098.94,4472,Petrol,Automatic,39.8,1.4,84.79
Skoda,Superb,2020,19978.35,61197,Petrol,Manual,33.6,1.5,27.01
Toyota,Camry,2024,34517.87,4465,Hybrid,Automatic,33.7,1.4,194.18
Volkswagen,Golf,2021,27742.09,48918,Hybrid,Automatic,23.4,1.4,28.54
BMW,X5,2022,57421.56,27869,Petrol,Automatic,28.4,1.5,34.41
Audi,A4,2024,41679.9,2750,Petrol,Automatic,39.1,1.5,39.29
Ford,Mustang,2015,8264.73,170053,Petrol,Manual,22.5,1.5,160.2
BMW,M4,2015,9121.9,153374,Petrol,Automatic,29.7,1.2,143.61
Audi,A3,2021,39398.96,37014,Hybrid,Automatic,43.3,1.0,145.75
Ford,Focus,2015,10002.07,106401,Hybrid,Automatic,42.5,1.0,84.32
BMW,5 Series,2021,43413.4,31523,Petrol,Automatic,28.4,1.2,175.31
Hyundai,Verna,2019,8994.78,66989,Petrol,Manual,40.9,1.5,37.98
Ford,Focus,2017,9362.22,135152,Diesel,Automatic,29.2,1.2,25.05
Ford,Fiesta,2015,3465.78,176165,Diesel,Semi-Automatic,39.3,3.0,22.2
Skoda,Octavia,2015,4998.0,92828,Petrol,Manual,35.3,1.4,195.01
BMW,3 Series,2023,39113.05,10937,Petrol,Automatic,36.3,2.0,178.49
Audi,R8,2020,25928.62,76372,Diesel,Automatic,28.5,1.5,28.23
BMW,3 Series,2015,11637.78,174651,Petrol,Automatic,20.5,4.0,122.81
Skoda,Octavia,2016,8928.35,118200,Petrol,Automatic,26.0,1.4,106.22
Ford,Focus,2018,13334.66,77338,Diesel,Semi-Automatic,29.4,1.0,60.51
Toyota,Innova,2022,20331.72,23143,Petrol,Manual,35.8,1.0,169.12
Toyota,Camry,2021,13871.89,41734,Petrol,Automatic,26.4,3.0,124.78
Audi,R8,2017,12393.46,93172,Petrol,Automatic,20.4,2.0,161.74
BMW,X5,2015,9978.37,158787,Diesel,Automatic,42.8,1.2,111.88
BMW,5 Series,2016,9177.44,97595,Petrol,Automatic,43.2,3.0,70.69
Hyundai,Elantra,2020,14393.41,62259,Electric,Automatic,142.9,0.0,0.0
Audi,A3,2017,19487.23,99644,Petrol,Automatic,21.2,1.2,191.59
Toyota,Camry,2015,8931.95,123303,Diesel,Manual,31.5,1.0,103.41
Ford,Endeavour,2017,4766.12,76358,Petrol,Manual,37.8,1.2,119.13
Audi,Q7,2017,11865.37,120789,Petrol,Automatic,28.8,4.0,183.87
BMW,M4,2024,78856.85,2871,Petrol,Automatic,39.3,1.2,110.56
Skoda,Kodiaq,2020,15070.49,63541,Petrol,Automatic,37.3,3.0,104.68
Ford,Fiesta,2021,17683.14,31510,Electric,Automatic,111.8,0.0,0.0
Volkswagen,Taigun,2018,7032.11,96519,Petrol,Semi-Automatic,32.0,2.0,51.03
Hyundai,Tucson,2019,12505.65,99771,Petrol,Automatic,31.9,1.2,20.22
Skoda,Superb,2024,22060.37,4898,Petrol,Semi-Automatic,21.5,1.4,35.96
Toyota,Fortuner,2018,15112.53,111615,Diesel,Manual,44.3,2.0,192.18
Skoda,Superb,2015,8535.77,156130,Petrol,Automatic,44.5,3.0,69.86
Ford,Focus,2018,14170.91,86334,Petrol,Semi-Automatic,37.4,1.4,38.58
Ford,Focus,2015,10221.53,135300,Petrol,Automatic,30.2,1.0,91.26
Ford,Fiesta,2020,19392.1,77396,Petrol,Automatic,29.9,2.0,125.22
Skoda,Superb,2017,12642.05,115623,Electric,Automatic,134.1,0.0,0.0
Ford,Fiesta,2022,18572.47,20817,Hybrid,Automatic,43.9,4.0,59.27
BMW,X3,2018,28510.81,109270,Petrol,Automatic,29.7,2.0,49.2
BMW,5 Series,2016,12543.74,84470,Petrol,Automatic,42.1,1.5,194.39
Volkswagen,Passat,2022,33892.89,20811,Petrol,Manual,23.8,4.0,122.66
Toyota,Fortuner,2020,8919.22,71152,Diesel,Manual,20.9,1.5,193.76
Audi,Q5,2024,71487.7,1784,Petrol,Automatic,35.1,1.2,50.11
Audi,A4,2021,24283.4,33524,Petrol,Automatic,23.7,1.5,58.96
Ford,Focus,2020,22811.12,52822,Diesel,Manual,32.9,1.0,112.38
Skoda,Slavia,2024,44535.38,4658,Petrol,Manual,27.8,1.0,167.72
Ford,Endeavour,2024,33803.9,1760,Petrol,Manual,44.1,1.5,198.08
Audi,Q5,2015,10581.5,112097,Hybrid,Automatic,43.7,3.0,26.25
Audi,A3,2016,17321.59,133476,Petrol,Automatic,20.7,1.4,196.42
Hyundai,Elantra,2021,17615.36,38056,Petrol,Automatic,34.7,4.0,181.08
Hyundai,Tucson,2018,6153.08,82243,Petrol,Automatic,29.8,2.0,187.61
Volkswagen,Taigun,2021,24589.12,36258,Petrol,Manual,28.6,2.0,86.59
Ford,Fiesta,2024,26652.44,4705,Diesel,Automatic,24.6,1.2,91.84
Hyundai,Tucson,2024,16928.06,652,Hybrid,Manual,41.8,1.2,69.71
Hyundai,Verna,2016,4076.75,154650,Petrol,Semi-Automatic,43.8,2.0,137.12
Audi,A4,2017,26263.68,91069,Petrol,Automatic,27.7,1.0,149.31
Toyota,Land Cruiser,2021,13982.47,36780,Electric,Automatic,100.9,0.0,0.0
Ford,Fiesta,2022,33225.13,38395,Petrol,Manual,29.2,1.0,118.82
Skoda,Kodiaq,2020,9997.46,78778,Petrol,Automatic,30.8,4.0,183.05
Toyota,Fortuner,2019,18430.59,83935,Petrol,Automatic,36.1,3.0,49.45
Volkswagen,Polo,2023,22491.88,17419,Petrol,Semi-Automatic,31.6,1.5,43.77
Toyota,Fortuner,2021,12599.99,33344,Hybrid,Automatic,21.2,3.0,157.37
Hyundai,Creta,2022,18889.05,38551,Petrol,Automatic,36.5,1.0,28.21
Audi,Q7,2017,19459.23,83041,Petrol,Automatic,41.2,1.5,55.08
BMW,M4,2019,18610.97,89588,Diesel,Automatic,25.4,4.0,91.64
Ford,Fiesta,2022,35014.88,23969,Petrol,Automatic,28.8,4.0,47.75
Toyota,Camry,2015,7170.18,155362,Hybrid,Automatic,28.6,2.0,149.44
Hyundai,Creta,2018,4548.98,101593,Hybrid,Manual,35.4,2.0,180.85
Skoda,Superb,2015,5856.85,152207,Hybrid,Automatic,25.6,1.2,83.73
Audi,Q7,2021,20465.58,31042,Petrol,Automatic,42.7,1.5,119.22
BMW,M4,2017,15847.11,137172,Diesel,Automatic,40.2,1.2,169.36
Toyota,Corolla,2016,3887.61,111714,Petrol,Automatic,40.6,2.0,119.65
Ford,Endeavour,2017,12674.94,104509,Diesel,Automatic,43.1,2.0,157.17
Volkswagen,Tiguan,2021,17393.77,52612,Petrol,Manual,44.2,3.0,59.0
Audi,A4,2017,24398.85,114431,Diesel,Automatic,27.3,1.4,199.48
Skoda,Superb,2017,7124.98,98351,Petrol,Automatic,35.4,1.2,198.75
Hyundai,i20,2021,9840.62,53710,Petrol,Automatic,21.7,2.0,136.6
BMW,X3,2021,39351.99,33136,Petrol,Automatic,32.1,4.0,76.75
Skoda,Kodiaq,2016,9095.18,81084,Diesel,Manual,29.6,1.0,92.23
Skoda,Kodiaq,2021,14317.13,44205,Petrol,Manual,38.3,1.0,162.34
Hyundai,Tucson,2019,10051.2,96839,Diesel,Manual,30.7,1.0,149.67
BMW,M4,2020,23163.29,62783,Diesel,Automatic,34.4,1.2,87.68
Skoda,Kodiaq,2022,22050.66,23697,Petrol,Manual,23.4,1.5,65.65
Audi,A3,2016,17165.92,87687,Diesel,Automatic,22.2,1.2,75.35
Skoda,Superb,2021,26525.87,43882,Diesel,Automatic,20.9,1.5,191.88
Audi,A3,2017,17745.14,86192,Diesel,Automatic,44.6,1.5,53.37
Ford,EcoSport,2015,6458.51,141909,Diesel,Automatic,36.2,1.2,95.66
Volkswagen,Golf,2024,43668.99,664,Petrol,Automatic,28.2,2.0,53.91
Ford,Endeavour,2020,9874.06,41827,Petrol,Manual,41.1,1.5,159.43
Volkswagen,Passat,2019,20126.65,72804,Hybrid,Automatic,37.8,1.5,20.21
Skoda,Slavia,2021,14985.63,52875,Petrol,Manual,31.2,1.4,101.03
BMW,X5,2018,18020.32,101437,Petrol,Automatic,41.4,1.5,25.94
Audi,Q5,2020,33703.46,41505,Diesel,Automatic,44.4,2.0,121.71
Audi,Q7,2022,26409.51,31308,Petrol,Automatic,34.2,1.4,88.43
Audi,A3,2020,32516.98,47169,Petrol,Automatic,24.0,1.5,49.0
Ford,Focus,2021,16170.03,55599,Diesel,Semi-Automatic,35.5,2.0,120.73
Volkswagen,Tiguan,2024,29069.63,2229,Petrol,Manual,26.5,1.4,182.2
Ford,Focus,2019,17012.84,89585,Petrol,Manual,34.2,1.2,128.63
Volkswagen,Taigun,2018,16433.42,75508,Diesel,Manual,34.4,1.5,68.54
Hyundai,i20,2023,22845.86,16996,Petrol,Manual,34.8,1.2,110.09
Skoda,Slavia,2018,17408.86,91990,Diesel,Automatic,41.5,1.2,68.53
Audi,A3,2015,19465.86,130098,Petrol,Automatic,24.3,4.0,174.88
BMW,X5,2020,25180.19,53909,Petrol,Automatic,37.7,1.4,94.3
Toyota,Land Cruiser,2017,12092.69,87110,Petrol,Manual,30.8,1.0,74.79
Audi,R8,2018,23419.57,68486,Diesel,Automatic,28.9,1.0,44.54
Audi,Q7,2020,40840.24,61150,Diesel,Automatic,24.8,3.0,124.82
Ford,EcoSport,2015,7230.99,162554,Hybrid,Automatic,43.6,1.4,67.0
Skoda,Kodiaq,2018,8295.1,83273,Petrol,Manual,33.6,1.2,86.78
Hyundai,Creta,2018,9336.78,100244,Petrol,Automatic,24.9,1.2,102.35
Hyundai,Elantra,2018,7880.53,73919,Petrol,Automatic,32.6,4.0,144.77
Ford,EcoSport,2023,30772.72,17914,Electric,Automatic,135.5,0.0,0.0
Skoda,Kodiaq,2021,25210.67,34589,Hybrid,Manual,36.6,1.4,107.71
BMW,X5,2019,15871.56,60391,Petrol,Automatic,23.9,4.0,116.58
Volkswagen,Tiguan,2015,4899.88,144855,Petrol,Manual,24.5,3.0,155.29
Volkswagen,Golf,2018,7964.15,69199,Diesel,Manual,20.4,2.0,79.43
BMW,5 Series,2018,26361.44,73167,Petrol,Automatic,31.7,3.0,32.19
BMW,X5,2022,37070.0,28750,Petrol,Automatic,39.4,1.4,129.74
Volkswagen,Tiguan,2018,14421.8,76679,Petrol,Manual,43.5,1.2,51.15
Ford,Endeavour,2023,34420.83,11706,Petrol,Manual,42.9,1.0,162.63
Audi,R8,2019,25579.23,89977,Hybrid,Automatic,39.9,1.0,185.11
BMW,X5,2017,25775.24,79268,Petrol,Automatic,29.3,3.0,99.08
Toyota,Fortuner,2023,25901.37,11015,Hybrid,Automatic,37.3,1.4,77.8
Toyota,Corolla,2024,39377.35,4635,Petrol,Manual,33.5,1.5,116.63
Audi,Q7,2017,16179.77,74486,Petrol,Automatic,35.0,2.0,164.48
Volkswagen,Tiguan,2021,16585.86,51378,Hybrid,Automatic,23.7,1.2,64.53
Ford,Focus,2022,25315.7,35888,Petrol,Manual,44.5,1.5,41.46
Skoda,Octavia,2018,14849.06,93167,Hybrid,Automatic,21.2,1.0,184.94
Toyota,Corolla,2022,15560.9,32585,Petrol,Manual,22.6,2.0,194.89
Hyundai,Tucson,2017,7372.25,132817,Petrol,Manual,24.4,1.5,182.96
Ford,Mustang,2018,8075.64,69812,Petrol,Manual,23.6,1.5,87.62
Ford,Mustang,2019,14948.08,92499,Petrol,Manual,38.4,4.0,144.62
Audi,A4,2019,19616.18,95242,Petrol,Automatic,32.6,2.0,113.34
Skoda,Kodiaq,2015,4843.63,104958,Hybrid,Automatic,29.4,1.4,111.35
BMW,M4,2020,21354.82,59873,Diesel,Automatic,42.6,3.0,91.51
Ford,Focus,2017,14194.43,92157,Petrol,Manual,43.0,4.0,105.35
Audi,A4,2020,27525.62,43222,Petrol,Automatic,33.6,2.0,45.52
Audi,A3,2020,33224.61,46036,Petrol,Automatic,21.8,4.0,186.33
Toyota,Camry,2015,4362.84,158170,Diesel,Automatic,30.9,3.0,103.39
Volkswagen,Golf,2021,12690.7,38899,Diesel,Manual,30.8,3.0,33.68
Hyundai,Verna,2023,9262.69,13396,Petrol,Automatic,25.6,4.0,116.9
BMW,3 Series,2019,27874.92,61222,Hybrid,Automatic,21.6,1.2,135.63
Volkswagen,Golf,2016,11076.02,86101,Diesel,Automatic,42.8,1.4,40.28
Skoda,Superb,2021,19361.66,59743,Petrol,Manual,39.1,1.4,39.75
Hyundai,Verna,2023,9132.19,13055,Petrol,Automatic,20.0,1.2,163.03
Skoda,Slavia,2022,24575.73,36638,Diesel,Automatic,44.0,1.4,134.81
Volkswagen,Passat,2019,15678.51,71767,Petrol,Manual,24.5,3.0,129.89
Toyota,Camry,2017,5180.31,91394,Petrol,Manual,35.3,4.0,115.74
BMW,X3,2022,60181.11,31367,Hybrid,Automatic,41.6,4.0,36.21
Skoda,Slavia,2017,12507.62,112658,Electric,Automatic,134.5,0.0,0.0
Ford,Focus,2023,28178.9,15495,Petrol,Automatic,30.6,3.0,23.77
Ford,Focus,2015,3788.83,107703,Petrol,Manual,33.6,1.0,53.94
BMW,X3,2015,10043.29,111984,Diesel,Automatic,25.9,1.4,147.76
Skoda,Superb,2021,25306.52,49799,Diesel,Automatic,21.5,3.0,91.66
Toyota,Camry,2022,29591.19,37155,Petrol,Automatic,42.2,2.0,178.76
Skoda,Slavia,2018,8057.66,114007,Petrol,Manual,22.9,2.0,133.6
Volkswagen,Passat,2017,7950.55,100383,Petrol,Automatic,20.0,1.2,33.39
Ford,Endeavour,2017,6372.9,112614,Petrol,Automatic,32.7,1.4,194.75
Audi,Q7,2024,60615.37,3570,Diesel,Automatic,43.5,1.5,23.56
Toyota,Innova,2016,9260.37,130331,Petrol,Automatic,20.2,2.0,181.79
Skoda,Octavia,2019,9102.78,56371,Diesel,Semi-Automatic,22.9,3.0,185.28
BMW,X3,2024,54549.36,2750,Petrol,Automatic,36.5,3.0,52.08
BMW,5 Series,2021,31171.46,54659,Diesel,Automatic,39.1,1.4,130.09
Skoda,Octavia,2017,7452.79,113171,Diesel,Automatic,24.1,2.0,78.71
Hyundai,Elantra,2015,6134.17,169793,Diesel,Automatic,31.1,1.2,132.93
Volkswagen,Taigun,2021,18667.43,39135,Diesel,Automatic,29.9,1.0,23.89
Skoda,Slavia,2019,15780.84,77957,Diesel,Automatic,27.1,2.0,69.64
Audi,R8,2023,56731.2,14620,Petrol,Automatic,31.5,1.4,189.87
Audi,Q7,2024,57199.24,1535,Diesel,Automatic,20.7,1.0,72.2
Volkswagen,Taigun,2017,11216.83,97614,Petrol,Semi-Automatic,23.0,1.0,179.77
Audi,Q7,2017,22717.14,98015,Diesel,Automatic,42.5,2.0,23.25
Audi,Q5,2023,59203.09,11043,Petrol,Automatic,33.9,2.0,117.13
Audi,A3,2020,29195.01,61634,Petrol,Automatic,34.9,4.0,105.27
Volkswagen,Polo,2023,23708.01,12365,Petrol,Semi-Automatic,39.7,1.0,184.74
BMW,5 Series,2015,15472.18,158379,Petrol,Automatic,34.8,2.0,176.5
Hyundai,Creta,2015,7125.71,124866,Petrol,Manual,34.1,2.0,168.58
Ford,Mustang,2021,15913.89,52835,Hybrid,Semi-Automatic,36.3,1.2,115.55
Toyota,Corolla,2015,4472.5,128495,Hybrid,Manual,25.8,1.4,185.41
Hyundai,Creta,2024,19905.07,3359,Electric,Automatic,146.5,0.0,0.0
Hyundai,Creta,2019,12466.46,89369,Petrol,Manual,28.6,4.0,127.52
Toyota,Camry,2020,23635.16,47369,Hybrid,Manual,20.2,3.0,62.46
Ford,Mustang,2022,26675.45,26146,Hybrid,Manual,27.2,1.4,161.38
Skoda,Superb,2024,26260.86,4107,Diesel,Manual,32.2,1.2,34.73
Hyundai,Tucson,2020,6997.18,73155,Hybrid,Manual,38.5,3.0,90.99
Audi,A3,2016,21999.13,98946,Diesel,Automatic,23.6,1.5,194.58
Audi,Q7,2019,25433.8,62319,Petrol,Automatic,28.0,2.0,141.52
Hyundai,Creta,2017,6682.25,117688,Petrol,Automatic,27.8,2.0,93.09
Hyundai,Elantra,2020,11520.6,42189,Hybrid,Automatic,35.9,2.0,85.39
BMW,X3,2022,36322.24,24606,Petrol,Automatic,25.4,1.4,159.03
Toyota,Land Cruiser,2019,8619.96,73062,Petrol,Manual,40.1,1.2,122.79
Hyundai,Tucson,2024,13594.81,2718,Petrol,Manual,25.4,4.0,34.97
BMW,5 Series,2018,26995.09,96052,Petrol,Automatic,43.4,2.0,112.34
Skoda,Superb,2023,15345.4,14799,Petrol,Manual,40.7,1.4,98.26
Ford,Fiesta,2020,10555.99,52229,Petrol,Automatic,43.2,1.5,151.21
Volkswagen,Taigun,2015,4233.66,99664,Petrol,Automatic,27.3,1.5,176.48
BMW,X5,2022,52695.14,31849,Petrol,Automatic,43.3,1.2,197.65
Audi,Q7,2017,19324.65,132206,Diesel,Automatic,30.8,1.4,194.9
BMW,M4,2024,62167.1,649,Diesel,Automatic,33.9,2.0,106.34
BMW,M4,2018,28009.25,80422,Petrol,Automatic,22.1,3.0,127.0
Skoda,Kodiaq,2019,8555.05,63846,Hybrid,Automatic,27.4,4.0,155.19
Ford,Endeavour,2022,23179.69,31220,Hybrid,Automatic,42.2,3.0,79.15
Skoda,Kodiaq,2023,16032.17,11111,Diesel,Manual,21.8,1.5,154.13
Ford,Endeavour,2024,35941.84,462,Petrol,Automatic,24.7,4.0,129.52
Toyota,Corolla,2022,10766.21,31611,Petrol,Semi-Automatic,43.1,4.0,165.96
Hyundai,Creta,2021,13152.54,45692,Petrol,Automatic,22.1,3.0,150.7
BMW,5 Series,2023,49230.06,18489,Petrol,Automatic,22.0,1.5,64.24
Volkswagen,Taigun,2016,6863.97,126115,Hybrid,Manual,39.9,4.0,138.2
Volkswagen,Taigun,2017,12683.37,110396,Petrol,Manual,41.5,2.0,186.43
Audi,A4,2020,19178.59,52523,Diesel,Automatic,38.8,1.5,155.82
Ford,Fiesta,2020,11263.71,40799,Diesel,Manual,26.0,1.0,125.21
Audi,R8,2017,25544.96,91516,Diesel,Automatic,27.9,3.0,41.83
Toyota,Corolla,2024,16876.51,4008,Hybrid,Automatic,21.1,1.2,78.99
Hyundai,Creta,2022,9331.41,26865,Diesel,Automatic,32.4,1.5,88.24
Audi,Q7,2016,10794.8,137649,Petrol,Automatic,26.1,4.0,83.58
Skoda,Octavia,2015,7898.16,177788,Electric,Automatic,121.5,0.0,0.0
Ford,Mustang,2022,23173.4,26686,Petrol,Manual,34.6,1.4,122.26
Hyundai,i20,2016,4551.43,156521,Diesel,Automatic,41.0,1.5,183.98
Toyota,Camry,2022,10666.03,31890,Electric,Automatic,120.5,0.0,0.0
Audi,Q5,2017,17532.63,87842,Petrol,Automatic,37.6,1.0,94.2
BMW,M4,2022,54325.4,37832,Petrol,Automatic,41.8,1.4,134.27
Toyota,Fortuner,2015,11201.17,93372,Diesel,Automatic,23.4,1.0,196.42
Hyundai,Creta,2022,13082.91,38672,Diesel,Manual,35.8,1.5,141.76
BMW,M4,2024,39976.99,205,Petrol,Automatic,39.9,1.5,95.31
Hyundai,Verna,2015,4631.13,138292,Hybrid,Semi-Automatic,32.7,4.0,157.75
Hyundai,Tucson,2016,6999.76,146514,Petrol,Automatic,31.3,1.0,172.25
Toyota,Fortuner,2018,6449.79,108362,Electric,Automatic,139.4,0.0,0.0
Toyota,Fortuner,2015,5322.33,143158,Diesel,Semi-Automatic,32.7,1.5,57.0
Toyota,Fortuner,2023,17442.41,14047,Diesel,Automatic,40.7,3.0,36.97
BMW,M4,2015,13063.0,175636,Petrol,Automatic,40.6,1.0,177.2
Audi,R8,2017,15480.0,125126,Electric,Automatic,146.2,0.0,0.0
Ford,Focus,2018,16128.29,103449,Petrol,Automatic,20.2,1.0,156.43
BMW,3 Series,2022,49739.0,25442,Diesel,Automatic,24.0,4.0,86.82
Audi,R8,2016,8954.29,129290,Petrol,Automatic,35.9,4.0,46.0
Hyundai,Verna,2022,7983.29,31160,Petrol,Manual,26.4,1.5,187.99
Audi,A4,2017,17133.7,128938,Diesel,Automatic,24.6,4.0,22.52
Ford,Focus,2017,8147.09,127990,Petrol,Manual,29.6,3.0,97.69
Toyota,Camry,2015,6298.92,125942,Diesel,Manual,43.4,1.0,47.26
BMW,M4,2020,34105.84,75730,Petrol,Automatic,23.4,1.2,122.82
Toyota,Land Cruiser,2024,15422.09,1633,Petrol,Automatic,23.4,2.0,191.96
BMW,3 Series,2022,29257.63,23790,Diesel,Automatic,36.4,1.0,50.9
BMW,5 Series,2023,60849.52,17432,Petrol,Automatic,21.9,1.2,90.17
Audi,A3,2015,15462.09,168312,Diesel,Automatic,27.0,1.0,93.35
Toyota,Corolla,2024,21247.44,2422,Petrol,Manual,26.1,1.2,29.68
Volkswagen,Golf,2019,11162.54,95119,Petrol,Manual,36.2,1.4,22.77
Audi,A4,2024,39860.27,4577,Diesel,Automatic,20.4,3.0,68.89
Volkswagen,Passat,2022,29238.46,20452,Diesel,Automatic,35.6,1.2,76.85
Audi,Q7,2021,20703.21,54550,Diesel,Automatic,20.6,1.2,194.72
Hyundai,Tucson,2020,10982.8,55290,Petrol,Manual,36.7,2.0,77.54
Skoda,Octavia,2017,12656.34,98322,Diesel,Manual,35.2,1.5,116.45
Hyundai,Elantra,2023,16970.48,19806,Diesel,Manual,31.6,1.0,199.84
Skoda,Kodiaq,2019,11515.32,87460,Petrol,Automatic,44.4,1.0,195.81
Skoda,Octavia,2022,18345.97,22612,Petrol,Manual,30.1,4.0,152.66
Skoda,Superb,2021,21352.66,33835,Petrol,Manual,25.8,2.0,117.26
Toyota,Fortuner,2022,28424.22,23154,Petrol,Semi-Automatic,30.3,1.2,69.38
Audi,A3,2017,9961.95,122043,Petrol,Automatic,43.5,1.0,46.71
Hyundai,Tucson,2015,6720.2,90178,Petrol,Automatic,29.4,3.0,162.79
Ford,EcoSport,2022,14777.83,20096,Diesel,Automatic,39.5,1.0,199.87
Hyundai,i20,2021,14425.78,58648,Hybrid,Manual,38.8,4.0,133.0
Audi,A4,2022,28705.2,36633,Diesel,Automatic,43.6,1.5,123.89
Ford,Endeavour,2015,6223.26,155974,Petrol,Semi-Automatic,43.8,4.0,189.7
Skoda,Slavia,2022,31786.99,20812,Petrol,Automatic,41.0,1.4,126.11
Ford,Focus,2018,11399.54,103380,Petrol,Automatic,43.2,1.0,114.21
Hyundai,i20,2024,20554.55,2556,Diesel,Semi-Automatic,27.7,1.2,195.1
Ford,Mustang,2015,3715.38,158637,Petrol,Automatic,31.2,2.0,87.51
Skoda,Kodiaq,2019,14990.52,93161,Petrol,Manual,21.3,1.2,30.54
Hyundai,i20,2017,7794.94,76412,Diesel,Semi-Automatic,36.3,2.0,112.4
Volkswagen,Tiguan,2015,4864.13,102666,Diesel,Automatic,21.8,1.4,67.17
Audi,Q7,2018,25464.08,118256,Petrol,Automatic,24.0,1.4,187.5
Toyota,Corolla,2015,5145.64,98523,Diesel,Semi-Automatic,33.8,2.0,79.76
BMW,X5,2016,17693.86,157964,Petrol,Automatic,20.4,1.5,139.8
BMW,3 Series,2015,11522.91,94984,Petrol,Automatic,20.6,2.0,35.35
Audi,R8,2017,15367.24,120638,Diesel,Automatic,24.4,1.2,197.05
Skoda,Slavia,2016,6433.91,132389,Petrol,Automatic,29.4,1.5,109.6
Toyota,Fortuner,2018,17366.42,103830,Electric,Automatic,119.1,0.0,0.0
Hyundai,Creta,2017,9325.63,85313,Diesel,Manual,44.2,1.0,39.27
Hyundai,Creta,2015,4187.22,161869,Electric,Automatic,115.5,0.0,0.0
Audi,Q5,2018,19560.98,64984,Electric,Automatic,126.7,0.0,0.0
Hyundai,i20,2017,8788.0,82829,Petrol,Manual,29.8,4.0,95.29
Toyota,Fortuner,2021,28669.46,38281,Petrol,Semi-Automatic,42.0,1.5,179.1
Volkswagen,Taigun,2022,23414.01,35802,Petrol,Automatic,22.0,1.0,48.74
Ford,Focus,2020,7925.0,77305,Hybrid,Manual,34.1,1.2,198.82
Audi,A4,2020,40595.5,52303,Petrol,Automatic,30.5,1.5,153.01
Skoda,Superb,2016,5146.03,130975,Hybrid,Automatic,38.8,1.4,49.45
Skoda,Superb,2015,10540.27,114877,Petrol,Automatic,39.2,3.0,38.19
Skoda,Slavia,2018,10848.82,68805,Petrol,Automatic,30.7,1.4,75.21
Ford,Endeavour,2019,14286.54,90314,Diesel,Automatic,26.9,2.0,164.25
BMW,X5,2021,27844.52,40419,Petrol,Automatic,22.5,1.0,27.87
Audi,Q5,2019,18543.28,54113,Diesel,Automatic,26.2,3.0,25.28
Toyota,Corolla,2019,16127.19,71194,Hybrid,Manual,23.6,3.0,148.44
Volkswagen,Taigun,2021,9286.45,34894,Electric,Automatic,129.7,0.0,0.0
Volkswagen,Taigun,2024,36166.37,4057,Petrol,Manual,27.4,4.0,188.62
BMW,5 Series,2016,18382.69,87912,Hybrid,Automatic,39.0,1.0,119.86
Volkswagen,Polo,2021,23743.89,59630,Petrol,Automatic,44.4,3.0,198.31
Skoda,Kodiaq,2016,8463.23,158254,Petrol,Automatic,41.7,3.0,185.83
BMW,3 Series,2018,28447.79,80261,Petrol,Automatic,23.0,1.2,105.06
Skoda,Slavia,2023,31559.46,17793,Diesel,Manual,25.7,1.5,40.15
BMW,X5,2015,13379.21,160127,Petrol,Automatic,40.9,1.2,43.36
Ford,Endeavour,2024,33224.55,3896,Diesel,Automatic,40.9,1.5,27.26
Skoda,Octavia,2015,4537.22,91343,Diesel,Automatic,39.6,2.0,103.79
BMW,3 Series,2017,20735.88,90521,Diesel,Automatic,23.4,1.2,177.74
Audi,A3,2021,38495.16,41533,Diesel,Automatic,29.6,1.5,83.43
Hyundai,Elantra,2022,7964.93,33644,Petrol,Automatic,37.3,4.0,64.26
Hyundai,Creta,2016,4690.18,147098,Hybrid,Automatic,29.7,1.0,20.79
Audi,A4,2020,18359.93,72534,Diesel,Automatic,26.5,1.4,160.72
Volkswagen,Golf,2016,9825.36,126230,Petrol,Automatic,32.6,1.0,59.67
Hyundai,i20,2021,14356.0,54421,Petrol,Manual,23.7,1.0,86.29
Toyota,Innova,2020,20637.19,79566,Diesel,Automatic,39.9,4.0,61.6
Skoda,Kodiaq,2018,8413.06,60188,Petrol,Manual,39.0,1.5,184.18
Hyundai,Creta,2022,15426.6,35744,Hybrid,Manual,31.8,1.4,119.33
Ford,Fiesta,2017,9207.45,101432,Petrol,Automatic,23.3,4.0,126.61
Skoda,Slavia,2023,14840.45,11547,Hybrid,Automatic,39.1,1.5,166.18
Audi,A4,2021,18226.19,38781,Diesel,Automatic,41.1,1.4,86.57
Toyota,Innova,2022,13506.68,28830,Petrol,Manual,40.7,1.4,103.49
Toyota,Fortuner,2022,22990.53,24597,Diesel,Manual,22.4,1.2,77.25
Skoda,Octavia,2017,12811.71,75102,Petrol,Automatic,37.6,1.5,140.91
BMW,5 Series,2024,36779.9,3457,Petrol,Automatic,23.7,2.0,101.16
Skoda,Kodiaq,2015,6497.89,102249,Petrol,Automatic,37.1,1.0,45.89
Volkswagen,Golf,2020,11198.83,76833,Petrol,Automatic,29.0,2.0,42.57
Toyota,Land Cruiser,2022,23553.34,33436,Petrol,Manual,43.0,1.5,114.2
Skoda,Superb,2017,5184.62,95936,Petrol,Manual,39.7,4.0,143.71
Skoda,Superb,2022,14924.35,21676,Hybrid,Automatic,31.2,4.0,191.28
BMW,X3,2018,25321.66,84689,Petrol,Automatic,31.8,1.5,127.17
Toyota,Fortuner,2020,11668.12,43078,Diesel,Manual,40.8,1.2,114.85
Volkswagen,Golf,2022,15090.21,36745,Petrol,Manual,21.5,3.0,51.69
Audi,Q7,2016,8806.53,117183,Petrol,Automatic,42.2,1.0,96.67
Toyota,Corolla,2021,12924.49,34728,Hybrid,Manual,27.2,1.5,170.69
Skoda,Superb,2015,6613.44,165199,Electric,Automatic,129.2,0.0,0.0
Audi,A4,2015,18210.62,179541,Electric,Automatic,139.7,0.0,0.0
BMW,X3,2017,19546.29,128017,Petrol,Automatic,33.7,1.5,176.3
Toyota,Corolla,2018,13538.93,115431,Petrol,Automatic,42.2,1.0,143.35
Hyundai,Verna,2018,5252.83,87530,Petrol,Manual,34.4,4.0,173.51
Volkswagen,Passat,2017,10802.9,100326,Petrol,Automatic,33.5,1.0,192.42
Ford,EcoSport,2020,11085.15,53991,Diesel,Automatic,33.8,2.0,39.57
Audi,R8,2018,14264.05,119478,Petrol,Automatic,33.5,2.0,35.66
BMW,X5,2018,16261.01,118496,Diesel,Automatic,30.7,1.5,42.58
Ford,EcoSport,2022,18746.71,23432,Hybrid,Automatic,27.6,2.0,195.9
Toyota,Fortuner,2024,38114.88,3641,Diesel,Automatic,27.5,3.0,20.5
Toyota,Fortuner,2021,22434.28,31337,Petrol,Automatic,22.6,4.0,192.77
Audi,R8,2015,9351.71,171370,Diesel,Automatic,43.6,1.2,178.78
Skoda,Octavia,2019,10250.16,51729,Petrol,Automatic,28.7,1.2,54.64
Audi,A3,2017,12367.37,80777,Petrol,Automatic,36.3,4.0,79.65
BMW,3 Series,2024,70172.23,1709,Diesel,Automatic,42.4,1.5,60.69
Skoda,Kodiaq,2018,13363.61,74736,Hybrid,Manual,26.2,2.0,185.44
Toyota,Camry,2015,8252.42,140789,Diesel,Semi-Automatic,25.8,4.0,42.74
Hyundai,Tucson,2016,3663.64,115546,Petrol,Automatic,27.8,2.0,177.42
Skoda,Superb,2015,4072.59,134677,Petrol,Automatic,27.7,1.2,86.91
BMW,3 Series,2021,25340.53,38046,Petrol,Automatic,25.1,2.0,100.66
Volkswagen,Polo,2024,18576.72,1222,Petrol,Manual,30.0,4.0,189.95
Hyundai,Elantra,2020,7278.04,65182,Petrol,Manual,42.4,1.0,45.54
Skoda,Slavia,2016,8167.51,82115,Diesel,Manual,38.5,1.4,115.95
Hyundai,Creta,2019,4646.73,55294,Petrol,Manual,28.3,1.0,21.79
Hyundai,Creta,2017,3956.94,90965,Diesel,Manual,41.3,2.0,107.32
Toyota,Camry,2019,14079.13,68718,Diesel,Automatic,23.8,2.0,36.82
Audi,Q5,2020,34210.66,44378,Petrol,Automatic,43.2,4.0,21.34
Skoda,Slavia,2022,11718.76,27644,Diesel,Semi-Automatic,42.0,2.0,156.36
Skoda,Slavia,2020,10016.82,77710,Petrol,Automatic,33.6,1.5,72.17
Hyundai,i20,2023,14180.04,17843,Diesel,Automatic,40.7,4.0,117.47
Hyundai,Elantra,2022,9704.89,20359,Diesel,Manual,23.1,1.2,125.21
Hyundai,Tucson,2018,10558.42,79132,Petrol,Automatic,29.8,1.2,119.98
Audi,Q5,2015,15796.3,121740,Diesel,Automatic,43.3,4.0,93.03
Hyundai,Elantra,2017,6327.84,123233,Hybrid,Automatic,22.3,4.0,190.24
Audi,A4,2019,15458.1,58750,Petrol,Automatic,20.3,1.5,146.39
Toyota,Camry,2022,11488.44,20004,Hybrid,Automatic,40.7,2.0,29.47
Hyundai,Elantra,2018,5144.24,77102,Petrol,Automatic,35.4,4.0,28.98
BMW,M4,2018,16784.89,92324,Petrol,Automatic,24.0,1.0,170.54
BMW,M4,2018,16693.14,62806,Electric,Automatic,146.6,0.0,0.0
Toyota,Innova,2015,5450.66,99980,Diesel,Automatic,41.0,1.5,105.32
Volkswagen,Golf,2021,14996.87,51396,Petrol,Manual,28.1,1.2,103.35
Hyundai,Elantra,2016,5071.8,91729,Petrol,Manual,44.6,4.0,179.49
Toyota,Corolla,2015,8406.23,113307,Diesel,Semi-Automatic,27.5,3.0,188.96
BMW,X5,2020,24314.63,44652,Diesel,Automatic,31.5,3.0,103.51
Toyota,Land Cruiser,2020,15049.86,76743,Petrol,Automatic,25.2,1.4,65.18
Audi,R8,2015,17679.52,162796,Petrol,Automatic,41.5,2.0,38.02
Toyota,Corolla,2016,10908.35,129239,Petrol,Manual,24.6,1.4,178.8
Skoda,Superb,2022,18456.42,21555,Petrol,Manual,28.6,4.0,160.56
Audi,R8,2021,35636.24,52825,Petrol,Automatic,29.0,2.0,72.82
Hyundai,Creta,2021,15286.59,46782,Petrol,Automatic,24.3,3.0,112.83
Ford,Mustang,2016,10327.42,80257,Petrol,Automatic,28.4,1.5,179.41
Ford,Mustang,2017,5944.59,86411,Diesel,Automatic,40.9,4.0,25.85
Audi,Q7,2023,29790.74,10499,Petrol,Automatic,36.2,1.0,93.9
Hyundai,Creta,2022,15705.94,25238,Petrol,Manual,38.2,4.0,34.82
Toyota,Fortuner,2021,13696.42,44020,Diesel,Manual,25.8,4.0,119.62
Volkswagen,Polo,2020,19539.85,43485,Petrol,Automatic,35.2,1.0,26.04
Audi,Q7,2022,51404.13,36862,Petrol,Automatic,32.9,3.0,80.21
Toyota,Land Cruiser,2021,10501.72,40900,Diesel,Automatic,28.4,3.0,26.57
Audi,Q7,2019,34226.6,62282,Petrol,Automatic,32.1,1.2,99.21
BMW,X5,2022,50636.45,22404,Hybrid,Automatic,24.6,1.5,53.01
Volkswagen,Passat,2024,36163.66,3878,Petrol,Automatic,30.8,4.0,59.25
Hyundai,Verna,2015,4316.53,141537,Petrol,Automatic,24.2,2.0,112.71
Volkswagen,Taigun,2022,29170.88,36876,Diesel,Automatic,41.2,3.0,171.89
Hyundai,Verna,2017,3783.92,101878,Petrol,Automatic,30.6,1.0,146.03
Skoda,Slavia,2022,11231.23,23736,Petrol,Manual,39.1,3.0,124.02
BMW,X5,2018,29573.58,70638,Hybrid,Automatic,41.0,2.0,34.42
Volkswagen,Taigun,2017,9644.16,99307,Petrol,Automatic,25.1,1.5,164.77
BMW,X5,2015,13978.05,117716,Petrol,Automatic,30.1,1.0,72.55
Audi,R8,2023,56499.47,19724,Petrol,Automatic,39.3,1.4,192.38
Ford,Endeavour,2015,4138.84,140902,Electric,Automatic,149.7,0.0,0.0
Audi,A3,2024,47361.84,1902,Electric,Automatic,126.5,0.0,0.0
Audi,R8,2023,54522.19,17863,Hybrid,Automatic,37.4,3.0,160.91
Ford,Fiesta,2022,24483.16,29429,Hybrid,Manual,35.9,1.4,191.69
Ford,Focus,2016,7097.63,126391,Diesel,Semi-Automatic,21.3,4.0,88.33
Hyundai,Verna,2017,9260.99,76520,Petrol,Semi-Automatic,39.4,1.0,40.6
Skoda,Superb,2021,18927.61,56395,Petrol,Automatic,33.5,4.0,113.16
Volkswagen,Polo,2022,13291.33,23312,Hybrid,Automatic,36.3,4.0,158.67
Hyundai,Verna,2020,11845.37,74026,Petrol,Automatic,36.5,2.0,193.87
Audi,Q7,2019,15033.88,50109,Hybrid,Automatic,37.1,1.5,149.46
Volkswagen,Polo,2017,12266.02,79270,Diesel,Automatic,41.0,1.0,63.22
Toyota,Corolla,2017,14144.56,117076,Hybrid,Manual,25.5,1.5,164.55
Ford,Focus,2019,11150.28,91066,Petrol,Manual,24.5,1.4,152.44
Volkswagen,Golf,2019,9480.63,60747,Diesel,Automatic,43.5,1.2,48.12
Toyota,Fortuner,2018,5817.67,75975,Petrol,Automatic,43.2,2.0,30.58
Toyota,Innova,2015,4613.7,111805,Petrol,Automatic,42.3,1.4,75.5
Hyundai,Creta,2021,9755.05,50997,Hybrid,Automatic,39.5,1.0,70.11
Audi,Q7,2019,34504.84,77339,Petrol,Automatic,41.9,1.5,122.59
Audi,R8,2020,23846.79,56444,Electric,Automatic,148.0,0.0,0.0
Toyota,Corolla,2021,16519.75,53263,Electric,Automatic,129.3,0.0,0.0
Hyundai,Verna,2019,9439.05,95568,Hybrid,Semi-Automatic,23.4,1.4,29.09
Audi,R8,2023,39141.69,14107,Diesel,Automatic,20.3,1.0,95.05
Toyota,Land Cruiser,2024,25551.56,3090,Diesel,Automatic,35.0,2.0,167.8
Ford,Endeavour,2023,18388.42,15528,Petrol,Semi-Automatic,33.9,1.5,103.52
Toyota,Land Cruiser,2017,8859.3,70865,Petrol,Manual,24.3,4.0,114.19
Volkswagen,Tiguan,2024,36207.21,2686,Petrol,Automatic,22.1,1.5,198.39
BMW,3 Series,2015,16604.82,94470,Electric,Automatic,134.9,0.0,0.0
Audi,R8,2016,20380.45,132165,Petrol,Automatic,20.8,2.0,71.16
BMW,5 Series,2019,14990.78,90576,Petrol,Automatic,23.8,2.0,134.4
Toyota,Camry,2015,7644.75,147998,Hybrid,Manual,24.0,3.0,161.46
Audi,Q5,2015,11775.52,148406,Petrol,Automatic,24.6,1.2,80.63
BMW,M4,2022,56731.29,38848,Petrol,Automatic,43.6,2.0,120.57
Toyota,Camry,2024,46033.01,4866,Hybrid,Automatic,41.4,1.2,92.41
BMW,3 Series,2022,43166.91,38704,Petrol,Automatic,30.2,2.0,38.09
Toyota,Land Cruiser,2020,21541.63,70579,Hybrid,Automatic,39.3,1.0,172.92
Hyundai,Creta,2019,8124.76,58168,Petrol,Manual,24.9,1.4,138.89
Volkswagen,Passat,2016,4188.26,119669,Diesel,Manual,44.8,1.2,82.93
Toyota,Corolla,2024,35426.2,3505,Hybrid,Automatic,34.6,2.0,150.0
Audi,R8,2022,28429.26,23797,Diesel,Automatic,40.3,1.4,173.32
Hyundai,Elantra,2019,8385.79,63546,Petrol,Automatic,44.0,1.2,94.88
Volkswagen,Golf,2020,25247.35,75394,Diesel,Automatic,28.0,2.0,159.93
BMW,X5,2015,18955.4,166799,Electric,Automatic,104.5,0.0,0.0
Audi,A4,2023,46431.33,13516,Petrol,Automatic,26.4,1.0,128.9
Skoda,Kodiaq,2023,12394.09,17419,Diesel,Automatic,28.0,1.4,170.33
Hyundai,Verna,2021,13638.0,49992,Hybrid,Manual,32.3,1.0,105.1
Hyundai,i20,2024,15897.74,1626,Hybrid,Manual,26.9,4.0,23.31
Audi,R8,2023,29191.51,15396,Diesel,Automatic,34.7,1.2,90.86
Volkswagen,Polo,2018,12422.75,92639,Petrol,Semi-Automatic,35.7,1.0,144.81
Ford,EcoSport,2023,24683.33,13216,Diesel,Manual,44.3,3.0,88.78
Toyota,Land Cruiser,2018,16154.22,80552,Petrol,Manual,43.3,1.5,128.88
Hyundai,Tucson,2015,4653.59,94807,Diesel,Automatic,21.1,2.0,149.57
Skoda,Slavia,2015,6920.16,151154,Petrol,Automatic,22.3,4.0,171.04
Ford,Mustang,2018,6156.14,111369,Petrol,Manual,22.5,1.4,80.35
Skoda,Kodiaq,2023,13009.48,13993,Petrol,Manual,34.8,1.4,92.59
Toyota,Camry,2017,4709.47,133348,Diesel,Automatic,43.8,1.4,85.4
Hyundai,Elantra,2015,6542.39,151102,Petrol,Automatic,24.9,1.0,99.88
Hyundai,Elantra,2016,7313.65,138335,Diesel,Automatic,39.8,1.5,164.7
Audi,Q7,2017,14147.95,110335,Hybrid,Automatic,29.1,1.2,195.72
Ford,EcoSport,2016,9732.55,90379,Petrol,Automatic,31.2,1.5,58.89
Skoda,Slavia,2015,6132.59,125403,Petrol,Manual,30.8,1.0,21.51
Audi,R8,2016,16748.03,146993,Diesel,Automatic,34.7,1.2,21.97
Skoda,Octavia,2024,17304.92,1262,Petrol,Manual,20.6,1.2,67.21
Ford,Focus,2022,27617.8,33922,Petrol,Automatic,34.4,1.5,168.39
BMW,3 Series,2024,64913.81,4838,Petrol,Automatic,40.4,1.4,108.74
Ford,Mustang,2019,19136.07,79526,Petrol,Manual,38.7,1.4,193.28
Ford,Mustang,2020,10425.77,62297,Diesel,Manual,33.7,3.0,90.07
Hyundai,Verna,2018,6309.73,76979,Petrol,Semi-Automatic,23.9,4.0,50.22
Ford,Mustang,2017,6134.65,73663,Diesel,Manual,25.9,1.0,166.09
Volkswagen,Passat,2017,7666.33,101335,Petrol,Automatic,23.9,1.5,95.89
BMW,5 Series,2018,19754.44,81958,Petrol,Automatic,21.8,3.0,191.88
BMW,3 Series,2022,31353.11,39022,Petrol,Automatic,40.2,1.0,76.89
Hyundai,Verna,2022,15099.39,23584,Petrol,Manual,34.8,2.0,75.37
Hyundai,i20,2021,18875.14,40961,Petrol,Automatic,37.4,1.5,197.75
Skoda,Octavia,2020,17704.13,77343,Petrol,Automatic,33.1,1.5,123.6
Toyota,Fortuner,2021,19631.21,41650,Petrol,Manual,42.0,1.5,148.43
Hyundai,Verna,2022,14124.81,27485,Petrol,Automatic,44.3,3.0,198.89
Toyota,Innova,2016,8083.02,80478,Diesel,Automatic,24.1,1.5,128.62
Toyota,Camry,2018,8298.38,101412,Diesel,Automatic,39.7,2.0,43.99
Volkswagen,Passat,2019,9469.73,78033,Petrol,Manual,24.1,4.0,91.06
Toyota,Innova,2024,42029.86,2252,Hybrid,Automatic,37.7,2.0,60.29
Volkswagen,Tiguan,2017,4982.9,82765,Diesel,Manual,44.8,2.0,31.75
Audi,A4,2017,17152.91,84869,Petrol,Automatic,36.5,2.0,128.84
Audi,R8,2015,16155.43,163789,Hybrid,Automatic,28.2,1.4,68.37
Audi,Q7,2015,17341.6,129277,Diesel,Automatic,35.6,1.2,56.31
BMW,3 Series,2015,14922.35,115591,Petrol,Automatic,36.8,4.0,53.17
Toyota,Camry,2017,9485.54,85284,Hybrid,Automatic,38.1,1.0,145.97
Toyota,Innova,2019,14829.41,90132,Petrol,Automatic,21.3,1.0,88.12
Hyundai,Verna,2020,6994.09,52169,Diesel,Manual,40.6,4.0,135.26
Ford,Mustang,2015,4389.92,91665,Diesel,Automatic,39.5,1.2,86.03
Toyota,Innova,2021,11911.75,30072,Hybrid,Automatic,20.3,3.0,27.2
Toyota,Camry,2023,28791.46,18469,Hybrid,Automatic,43.9,1.5,67.23
Ford,Fiesta,2019,13626.64,79750,Diesel,Manual,33.1,2.0,59.17
Ford,Endeavour,2022,28895.48,34161,Hybrid,Automatic,21.9,3.0,127.77
Skoda,Slavia,2015,7750.84,118349,Petrol,Automatic,34.9,1.2,164.08
Audi,Q7,2021,25480.44,52359,Electric,Automatic,112.9,0.0,0.0
BMW,5 Series,2016,10412.18,136311,Hybrid,Automatic,40.1,4.0,33.43
BMW,X3,2024,48260.34,179,Diesel,Automatic,24.6,3.0,101.08
Ford,Focus,2017,14415.22,138051,Diesel,Manual,32.4,3.0,51.07
Audi,Q5,2021,42373.84,50882,Petrol,Automatic,32.8,1.2,110.21
Audi,A4,2022,41046.15,29661,Petrol,Automatic,33.7,1.0,172.61
Toyota,Land Cruiser,2015,5625.54,155815,Diesel,Manual,36.1,1.5,92.15
Ford,Endeavour,2024,33394.4,220,Diesel,Automatic,37.2,2.0,132.24
Volkswagen,Passat,2018,15784.83,118263,Hybrid,Automatic,31.1,4.0,56.24
BMW,3 Series,2023,30152.58,14171,Petrol,Automatic,23.3,1.4,37.81
Hyundai,Tucson,2022,16793.8,25555,Petrol,Semi-Automatic,43.7,4.0,78.05
Volkswagen,Tiguan,2022,20282.85,23442,Petrol,Manual,20.2,1.5,89.55
Hyundai,Verna,2021,17213.54,38735,Petrol,Manual,29.6,1.0,65.96
Audi,A4,2019,30869.08,88492,Diesel,Automatic,31.8,1.2,73.3
Volkswagen,Golf,2018,12605.78,119886,Petrol,Automatic,40.9,4.0,167.7
BMW,3 Series,2022,21251.78,23879,Hybrid,Automatic,27.5,1.2,188.59
Audi,R8,2021,18444.11,50810,Diesel,Automatic,33.5,1.2,152.46
BMW,M4,2019,28159.68,83398,Petrol,Automatic,39.3,4.0,134.83
Skoda,Slavia,2024,31580.08,2921,Petrol,Automatic,28.4,1.4,47.51
BMW,5 Series,2020,24633.35,40527,Petrol,Automatic,21.1,4.0,56.84
Volkswagen,Passat,2022,17354.39,39673,Diesel,Automatic,36.0,1.4,60.1
Ford,Fiesta,2020,17417.68,61940,Petrol,Semi-Automatic,20.0,1.4,149.1
Hyundai,Creta,2015,6594.7,121839,Diesel,Semi-Automatic,23.5,2.0,113.71
Volkswagen,Polo,2022,14419.19,20817,Petrol,Automatic,36.6,2.0,104.81
Toyota,Innova,2020,18961.2,44547,Petrol,Automatic,30.6,3.0,68.11
Skoda,Superb,2018,5724.09,103434,Hybrid,Manual,36.0,3.0,177.28
Skoda,Kodiaq,2016,8154.91,131736,Petrol,Semi-Automatic,30.7,1.4,152.63
Ford,Endeavour,2021,23562.02,34972,Petrol,Automatic,43.2,4.0,57.76
Toyota,Camry,2015,5751.23,143131,Diesel,Automatic,37.0,4.0,86.88
Skoda,Octavia,2022,20979.96,35578,Hybrid,Automatic,40.5,1.5,121.36
Skoda,Octavia,2021,24915.11,43805,Petrol,Automatic,23.0,2.0,132.44
BMW,5 Series,2017,13747.83,110124,Petrol,Automatic,40.3,1.5,157.32
Hyundai,Tucson,2023,18971.39,16710,Diesel,Automatic,44.6,3.0,124.57
Hyundai,i20,2022,12809.36,24050,Diesel,Semi-Automatic,42.0,2.0,118.04
Ford,Fiesta,2022,26869.35,21326,Diesel,Manual,35.1,1.4,120.41
Hyundai,Verna,2024,25884.21,4151,Petrol,Manual,32.8,2.0,93.98
BMW,5 Series,2015,14582.39,103584,Diesel,Automatic,37.0,3.0,52.47
Volkswagen,Taigun,2015,7604.39,97939,Hybrid,Automatic,23.9,4.0,122.07
Skoda,Slavia,2016,7657.42,144673,Diesel,Automatic,42.9,4.0,89.84
Volkswagen,Taigun,2015,8676.58,142752,Petrol,Automatic,34.7,2.0,45.92
Skoda,Superb,2018,9129.6,99765,Hybrid,Automatic,35.2,1.0,101.74
Audi,Q5,2015,11413.97,135992,Petrol,Automatic,33.0,1.2,151.33
Audi,Q5,2020,30404.0,59473,Petrol,Automatic,22.5,4.0,50.75
Ford,Focus,2016,6512.1,83416,Hybrid,Manual,36.9,1.2,25.89
Ford,Fiesta,2023,25466.74,18771,Petrol,Manual,40.6,1.4,67.41
Hyundai,Verna,2023,13194.86,13113,Petrol,Automatic,21.3,1.0,185.55
Volkswagen,Golf,2018,17701.03,111049,Petrol,Automatic,31.1,4.0,78.37
Toyota,Land Cruiser,2024,15644.7,4403,Petrol,Automatic,21.3,1.2,178.85
Ford,Mustang,2019,11438.05,63170,Electric,Automatic,114.7,0.0,0.0
Audi,Q7,2021,50710.81,31991,Petrol,Automatic,23.4,1.2,77.47
Volkswagen,Passat,2023,31812.82,13550,Hybrid,Manual,37.7,3.0,48.83
Ford,Focus,2022,15927.84,39234,Diesel,Manual,20.9,1.0,121.69
Hyundai,Verna,2020,15324.02,65701,Electric,Automatic,108.8,0.0,0.0
Toyota,Fortuner,2016,8801.1,100343,Petrol,Automatic,29.7,1.2,190.41
Hyundai,Tucson,2021,17230.51,41663,Diesel,Manual,35.8,1.4,84.21
Ford,Fiesta,2022,18078.04,38581,Petrol,Manual,20.1,1.2,22.36
Audi,A3,2023,52710.69,15518,Diesel,Automatic,43.6,1.0,180.42
Audi,Q5,2019,27485.26,94467,Diesel,Automatic,26.4,3.0,121.24
Toyota,Innova,2019,7694.07,79574,Diesel,Manual,30.1,1.2,139.6
Audi,A3,2017,17584.4,94351,Hybrid,Automatic,20.7,2.0,150.68
Toyota,Camry,2016,8108.91,110168,Petrol,Automatic,29.4,1.5,94.79
BMW,3 Series,2017,26867.03,134068,Petrol,Automatic,40.3,1.2,185.91
Volkswagen,Golf,2017,12435.78,88806,Diesel,Manual,42.5,1.5,57.58
Toyota,Land Cruiser,2018,15702.54,97031,Petrol,Automatic,31.3,1.2,32.99
Ford,Mustang,2019,16165.7,64688,Diesel,Manual,39.4,1.5,83.08
Hyundai,Elantra,2020,9377.84,74742,Petrol,Manual,33.7,4.0,64.34
Audi,Q7,2018,12780.76,105026,Diesel,Automatic,36.1,3.0,180.85
Hyundai,Tucson,2024,25859.89,2249,Hybrid,Manual,22.3,1.0,129.41
Audi,R8,2020,14715.07,72063,Petrol,Automatic,38.2,4.0,196.18
Volkswagen,Tiguan,2019,18046.61,77466,Petrol,Manual,42.8,1.0,61.16
Hyundai,Elantra,2018,10034.37,115509,Petrol,Automatic,37.4,1.5,87.28
Hyundai,Verna,2018,4495.45,75642,Diesel,Automatic,32.9,1.4,126.14
Audi,A3,2017,21314.31,70977,Petrol,Automatic,26.1,1.5,109.2
Toyota,Corolla,2023,18407.56,18043,Diesel,Manual,38.1,1.2,116.46
BMW,X3,2018,21512.9,116299,Petrol,Automatic,30.8,1.2,116.27
Ford,Fiesta,2015,6916.89,139391,Petrol,Automatic,30.1,1.5,114.41
Hyundai,Creta,2020,14057.3,56261,Diesel,Automatic,23.6,2.0,97.01
Ford,Focus,2018,16831.42,82337,Petrol,Automatic,24.9,1.0,92.76
Audi,A4,2015,9095.2,168685,Electric,Automatic,134.6,0.0,0.0
Ford,Fiesta,2020,20562.75,51532,Petrol,Manual,23.8,1.5,92.67
BMW,3 Series,2020,16992.38,63552,Petrol,Automatic,22.4,1.5,174.78
Audi,A4,2023,29184.04,11366,Petrol,Automatic,44.8,2.0,61.78
Audi,A4,2017,10120.16,115851,Petrol,Automatic,36.6,1.0,130.51
Volkswagen,Polo,2016,9783.28,104539,Petrol,Manual,25.7,1.2,51.38
Skoda,Slavia,2016,9875.08,138634,Petrol,Automatic,30.3,1.2,71.0
Audi,Q5,2017,16930.02,126291,Diesel,Automatic,30.7,1.4,20.9
Skoda,Slavia,2021,11940.5,31635,Hybrid,Semi-Automatic,26.2,3.0,155.06
Ford,EcoSport,2018,8916.32,98218,Petrol,Automatic,40.8,4.0,84.12
Volkswagen,Polo,2020,20460.77,79273,Petrol,Automatic,34.1,1.5,31.94
Volkswagen,Passat,2017,7940.05,114770,Petrol,Semi-Automatic,30.4,1.5,38.94
Volkswagen,Tiguan,2018,9068.65,101878,Petrol,Automatic,39.4,4.0,190.82
Toyota,Innova,2020,17682.39,62447,Diesel,Automatic,30.2,4.0,157.14
Skoda,Kodiaq,2018,6960.49,114646,Diesel,Manual,43.1,1.0,47.13
Hyundai,Elantra,2016,3548.34,131588,Hybrid,Semi-Automatic,38.6,1.2,118.47
Hyundai,Tucson,2018,10399.71,92911,Diesel,Automatic,36.7,4.0,24.7
BMW,X5,2023,32168.39,15902,Petrol,Automatic,35.2,2.0,180.1
Volkswagen,Polo,2021,11775.72,50214,Diesel,Manual,42.4,1.2,112.75
Ford,EcoSport,2016,3913.66,144512,Petrol,Manual,31.8,4.0,49.89
Volkswagen,Polo,2016,6469.83,145161,Electric,Automatic,101.0,0.0,0.0
Toyota,Fortuner,2024,19676.13,1498,Diesel,Automatic,27.4,1.5,159.19
Audi,Q5,2019,33496.67,99574,Diesel,Automatic,29.7,1.4,146.46
Volkswagen,Passat,2018,15044.34,66533,Petrol,Semi-Automatic,41.5,1.4,125.95
BMW,5 Series,2021,41548.97,55394,Petrol,Automatic,36.7,1.5,52.67
Ford,EcoSport,2019,13035.82,70499,Electric,Automatic,134.1,0.0,0.0
Audi,A4,2020,19753.11,44195,Petrol,Automatic,24.2,2.0,161.35
BMW,3 Series,2021,40115.06,48048,Diesel,Automatic,20.8,1.2,155.78
Audi,A4,2019,32891.76,95882,Petrol,Automatic,32.1,3.0,164.02
Hyundai,Verna,2016,4536.0,123639,Diesel,Manual,21.6,1.5,32.81
Toyota,Land Cruiser,2018,6684.81,114522,Petrol,Automatic,44.4,3.0,124.1
Skoda,Octavia,2015,3661.33,170906,Petrol,Semi-Automatic,23.8,1.5,121.13
Volkswagen,Passat,2016,7457.04,82638,Electric,Automatic,130.1,0.0,0.0
Hyundai,Creta,2016,8355.9,100625,Hybrid,Semi-Automatic,27.6,1.2,67.0
BMW,5 Series,2020,20504.25,67814,Diesel,Automatic,36.8,2.0,107.42
BMW,5 Series,2023,38234.04,17872,Petrol,Automatic,37.5,1.5,35.55
BMW,5 Series,2017,20379.99,117729,Hybrid,Automatic,40.4,1.4,199.34
Toyota,Corolla,2017,14202.4,126210,Petrol,Manual,23.3,4.0,116.05
Ford,Mustang,2020,9940.36,67888,Diesel,Automatic,44.2,2.0,105.76
Hyundai,Elantra,2021,9620.07,48155,Petrol,Automatic,22.0,1.5,185.23
Hyundai,Verna,2016,6156.08,142596,Electric,Automatic,132.1,0.0,0.0
Hyundai,Tucson,2015,2528.72,172807,Petrol,Manual,34.9,3.0,98.0
Audi,Q7,2016,13036.66,107551,Petrol,Automatic,28.1,1.5,156.38
Ford,Mustang,2016,4213.0,102639,Diesel,Manual,37.7,2.0,125.07
Ford,Endeavour,2019,14712.64,67944,Petrol,Manual,34.3,1.2,190.93
BMW,3 Series,2020,20233.21,68030,Petrol,Automatic,31.3,1.5,189.03
Audi,Q5,2020,34508.0,45825,Electric,Automatic,122.4,0.0,0.0
BMW,X5,2017,14700.45,115738,Petrol,Automatic,20.6,1.0,88.9
Toyota,Corolla,2015,4341.88,148851,Petrol,Automatic,20.1,2.0,167.31
Ford,EcoSport,2017,7736.25,105836,Diesel,Manual,20.1,4.0,194.31
Toyota,Innova,2023,29003.64,19882,Hybrid,Manual,23.4,1.5,45.33
Toyota,Camry,2018,10450.62,81070,Diesel,Manual,25.7,1.2,119.4
Audi,R8,2017,14270.19,102972,Hybrid,Automatic,33.2,2.0,84.42
Skoda,Kodiaq,2015,3199.17,155366,Diesel,Automatic,40.1,4.0,61.07
BMW,3 Series,2018,16178.81,111179,Diesel,Automatic,24.9,1.5,194.09
Audi,A4,2023,54953.51,10076,Hybrid,Automatic,27.2,3.0,135.12
Hyundai,Elantra,2023,25666.57,14643,Petrol,Manual,33.5,1.0,173.27
Hyundai,i20,2024,16909.43,1288,Petrol,Manual,39.0,2.0,161.6
Volkswagen,Polo,2019,10604.79,89993,Petrol,Automatic,23.2,1.0,26.55
Ford,Endeavour,2023,34358.62,13855,Diesel,Automatic,42.8,1.0,135.65
Ford,Focus,2022,24191.86,33352,Petrol,Automatic,35.5,1.5,182.88
Hyundai,Creta,2021,12155.35,54429,Diesel,Semi-Automatic,42.9,2.0,161.16
Skoda,Kodiaq,2015,6937.38,141832,Diesel,Automatic,35.1,3.0,97.39
BMW,X3,2020,39144.87,72040,Petrol,Automatic,29.4,1.5,151.02
Hyundai,Elantra,2022,10599.57,25467,Petrol,Manual,30.0,1.5,45.9
BMW,5 Series,2021,35464.61,47632,Diesel,Automatic,23.5,1.0,59.59
Skoda,Kodiaq,2018,10850.96,96826,Diesel,Automatic,27.4,4.0,74.23
Volkswagen,Passat,2017,8512.08,70640,Petrol,Manual,38.6,1.2,182.17
Audi,Q5,2023,23296.39,10800,Diesel,Automatic,27.7,1.4,149.63
Audi,Q7,2024,35645.43,1480,Electric,Automatic,146.4,0.0,0.0
Audi,Q7,2024,63615.27,1907,Petrol,Automatic,44.9,3.0,58.32
Audi,R8,2020,31904.08,47251,Petrol,Automatic,22.1,4.0,135.21
Audi,R8,2021,24255.57,57349,Petrol,Automatic,30.9,3.0,53.09
Skoda,Octavia,2022,14218.95,39025,Diesel,Automatic,20.7,1.5,35.66
Skoda,Superb,2016,6659.38,94087,Petrol,Automatic,31.9,1.0,198.29
Toyota,Camry,2017,13327.47,137982,Petrol,Manual,23.9,2.0,28.13
Volkswagen,Tiguan,2015,4326.33,98569,Diesel,Manual,26.0,1.4,63.83
Skoda,Superb,2022,21945.77,21235,Petrol,Manual,37.7,1.5,136.65
BMW,X5,2017,12168.97,120087,Diesel,Automatic,37.5,3.0,31.52
Hyundai,Tucson,2024,16917.06,3146,Hybrid,Manual,27.1,3.0,160.33
Volkswagen,Golf,2017,10956.07,96954,Diesel,Automatic,39.5,1.4,158.31
Hyundai,Elantra,2019,7997.15,62253,Petrol,Automatic,35.4,1.4,190.1
Audi,R8,2016,21413.68,157922,Petrol,Automatic,30.5,1.0,97.04
Hyundai,Creta,2022,17451.66,21337,Petrol,Automatic,33.8,3.0,167.85
Hyundai,Elantra,2023,9740.05,17971,Diesel,Manual,26.1,1.5,141.53
Toyota,Land Cruiser,2022,11652.08,29556,Petrol,Manual,23.4,1.5,55.72
BMW,M4,2020,28297.42,45522,Hybrid,Automatic,32.9,2.0,71.21
Hyundai,Elantra,2018,9761.45,77164,Petrol,Manual,20.5,3.0,25.21
Audi,Q7,2020,34010.57,70093,Diesel,Automatic,37.4,3.0,177.27
Ford,Fiesta,2018,7186.31,95966,Diesel,Automatic,29.5,1.5,57.56
Volkswagen,Taigun,2019,8285.92,60085,Diesel,Automatic,34.3,1.4,178.83
Audi,R8,2017,9452.77,89235,Hybrid,Automatic,40.4,1.2,164.69
Ford,EcoSport,2021,14405.7,55973,Hybrid,Automatic,29.2,1.5,164.99
Audi,Q5,2020,38024.05,72311,Petrol,Automatic,43.8,1.5,85.78
Hyundai,Elantra,2024,19039.14,2605,Diesel,Manual,27.0,1.4,164.39
Ford,Mustang,2016,4185.09,91047,Petrol,Automatic,23.2,1.4,122.15
Toyota,Land Cruiser,2020,19758.96,66886,Hybrid,Automatic,38.8,3.0,177.65
Toyota,Camry,2024,45417.4,3108,Diesel,Manual,37.1,1.2,68.47
BMW,5 Series,2024,35065.51,1919,Petrol,Automatic,23.7,1.5,55.26
Toyota,Land Cruiser,2015,5297.99,134347,Diesel,Automatic,23.4,2.0,40.92
Hyundai,i20,2022,7166.3,32219,Petrol,Manual,33.9,1.2,171.36
Volkswagen,Golf,2018,11183.0,69363,Petrol,Automatic,37.6,3.0,77.0
Toyota,Innova,2021,23068.0,41862,Petrol,Manual,23.5,4.0,175.32
Skoda,Slavia,2018,5212.64,68299,Diesel,Manual,40.5,3.0,171.38
Ford,Endeavour,2019,12737.55,69384,Petrol,Semi-Automatic,33.6,4.0,56.83
Audi,Q7,2022,44987.91,38939,Diesel,Automatic,43.5,2.0,144.44
Toyota,Innova,2016,9555.11,148145,Diesel,Manual,42.9,2.0,180.32
Audi,A3,2023,73000.7,12799,Diesel,Automatic,21.3,1.2,176.08
Hyundai,Verna,2020,12119.81,62557,Petrol,Manual,36.3,1.0,180.2
BMW,3 Series,2020,21458.79,53799,Hybrid,Automatic,37.9,3.0,181.02
BMW,M4,2015,9503.76,135861,Diesel,Automatic,38.2,1.4,26.43
Ford,Fiesta,2015,5184.86,95748,Petrol,Automatic,28.5,4.0,143.68
Hyundai,Creta,2023,17752.21,15150,Petrol,Manual,28.0,1.2,111.02
BMW,M4,2015,7985.15,173825,Petrol,Automatic,31.2,4.0,107.67
Toyota,Land Cruiser,2019,7795.46,80409,Petrol,Automatic,42.8,2.0,38.49
Skoda,Superb,2022,25713.66,22134,Diesel,Manual,44.5,1.5,113.12
BMW,3 Series,2024,62389.75,1845,Diesel,Automatic,33.0,1.2,139.52
Toyota,Corolla,2022,30993.0,37296,Petrol,Semi-Automatic,25.2,1.4,54.13
Ford,Endeavour,2016,8755.81,115178,Petrol,Manual,29.1,1.2,63.09
Skoda,Superb,2019,8599.83,57101,Petrol,Automatic,32.0,1.0,120.72
Ford,Mustang,2023,36392.74,14277,Petrol,Automatic,20.1,1.2,177.49
BMW,5 Series,2023,37252.64,18257,Petrol,Automatic,38.8,2.0,97.4
Volkswagen,Golf,2019,11170.6,90550,Diesel,Manual,23.1,1.4,113.21
Toyota,Corolla,2018,5757.88,109091,Hybrid,Manual,42.9,1.2,186.29
Ford,Fiesta,2022,25914.8,37300,Hybrid,Semi-Automatic,39.8,3.0,104.45
Volkswagen,Polo,2016,11274.31,91216,Petrol,Automatic,36.3,1.2,185.88
BMW,M4,2015,7622.64,103178,Petrol,Automatic,23.5,1.2,174.36
Audi,Q5,2019,26033.36,98215,Petrol,Automatic,36.5,3.0,172.78
Ford,EcoSport,2022,13180.06,38558,Diesel,Automatic,23.0,3.0,124.33
Toyota,Corolla,2021,16282.44,40496,Petrol,Automatic,30.2,2.0,27.32
Ford,EcoSport,2023,32435.9,17789,Petrol,Automatic,29.2,4.0,49.07
Volkswagen,Tiguan,2017,13951.82,119885,Petrol,Automatic,25.0,1.2,145.02
Volkswagen,Polo,2024,16443.19,3546,Petrol,Manual,27.1,1.5,140.92
BMW,3 Series,2020,29325.25,44571,Hybrid,Automatic,28.2,1.0,154.14
BMW,3 Series,2021,43481.31,42571,Petrol,Automatic,20.8,2.0,92.24
Skoda,Superb,2019,19366.26,79893,Hybrid,Semi-Automatic,25.1,2.0,77.36
Skoda,Superb,2020,14258.69,47475,Petrol,Automatic,34.3,1.5,167.28
Audi,R8,2021,47571.31,38508,Hybrid,Automatic,40.3,1.2,24.13
BMW,X5,2017,22297.97,95540,Diesel,Automatic,23.5,1.4,90.71
Hyundai,Verna,2017,9539.89,78997,Petrol,Automatic,37.2,3.0,152.23
Audi,A3,2023,38328.56,13041,Diesel,Automatic,39.7,2.0,77.53
BMW,M4,2020,24450.7,59820,Petrol,Automatic,43.9,1.0,56.53
Ford,Focus,2018,9133.92,99327,Petrol,Automatic,39.1,4.0,181.42
BMW,3 Series,2015,6903.72,94717,Hybrid,Automatic,34.7,1.5,31.87
Skoda,Octavia,2015,8753.08,164155,Electric,Automatic,132.2,0.0,0.0
Hyundai,Tucson,2016,4897.75,128010,Petrol,Automatic,35.5,1.4,61.42
Ford,Focus,2022,18243.43,35406,Petrol,Automatic,36.1,4.0,112.13
BMW,5 Series,2017,20137.14,74674,Hybrid,Automatic,41.6,4.0,122.97
Toyota,Fortuner,2022,31362.78,38227,Petrol,Semi-Automatic,41.6,1.4,35.89
Ford,Endeavour,2018,13929.34,60502,Diesel,Automatic,25.1,2.0,100.62
Hyundai,Creta,2016,6326.2,139759,Petrol,Automatic,25.8,3.0,199.77
Volkswagen,Tiguan,2015,8045.25,163106,Petrol,Automatic,22.5,1.5,109.14
Volkswagen,Golf,2023,29025.2,14091,Petrol,Automatic,42.7,1.0,140.02
BMW,X5,2017,16654.21,111448,Petrol,Automatic,30.8,4.0,99.89
Ford,Endeavour,2015,7713.24,130279,Petrol,Semi-Automatic,44.7,1.2,78.48
Skoda,Octavia,2022,17441.6,36168,Diesel,Manual,28.1,1.5,132.05
Toyota,Camry,2021,15470.55,44880,Petrol,Automatic,24.7,3.0,120.27
